文件名,下载地址
《中级职称》2025直播高频考点精讲《会计实务》（一阶段）（刘小英）——————第六讲：第三章 固定资产（三）_高清,http://cd12-ccd1-3.play.bokecc.com/flvs/606E693D99DE632E/2025-04-09/CBCD0D67F94D55ED3F35109F9F77F2A8-20.m3u8?t=1756304657&key=9CFF72E4DCDBDA329682B048F4CC21C4&tpl=10&tpt=112
《中级职称》2025直播高频考点精讲《会计实务》（一阶段）（刘小英）——————第六讲：第三章 固定资产（三）_清晰,http://cd12-ccd1-3.play.bokecc.com/flvs/606E693D99DE632E/2025-04-09/CBCD0D67F94D55ED3F35109F9F77F2A8-10.m3u8?t=1756304657&key=15E513DF57F006456FCA57027BCCE0FA&tpl=10&tpt=112
《中级职称》2025直播高频考点精讲《会计实务》（一阶段）（刘小英）——————第四十八讲：第六章 长期股权投资（一）_清晰,http://cd12-ccd1-1.play.bokecc.com/flvs/606E693D99DE632E/2025-06-25/2FD34CF674FA3A6D63835A29B2A11961-10.m3u8?t=1756304657&key=7F142DD4ED289897783D9246A101EA79&tpl=10&tpt=112
《中级职称》2025直播高频考点精讲《会计实务》（一阶段）（刘小英）——————第二十九讲：第十章 股份支付（二）_高清,http://cd12-ccd1-1.play.bokecc.com/flvs/606E693D99DE632E/2025-05-28/C016D2B3E91CCD347E6C9CEE8B422289-20.m3u8?t=1756304657&key=1692D6F7F79C371D86E34B2BA99AF222&tpl=10&tpt=112
《中级职称》2025直播高频考点精讲《会计实务》（一阶段）（刘小英）——————第二十九讲：第十章 股份支付（二）_清晰,http://cd12-ccd1-1.play.bokecc.com/flvs/606E693D99DE632E/2025-05-28/C016D2B3E91CCD347E6C9CEE8B422289-10.m3u8?t=1756304657&key=0C0E1D811FF048ADF52FBA7532C02DD2&tpl=10&tpt=112
《中级职称》2025直播高频考点精讲《会计实务》（一阶段）（刘小英）——————第七十讲：第十七章 所得税（五）_高清,http://cd12-ccd1-3.play.bokecc.com/flvs/606E693D99DE632E/2025-07-27/97AD1AECDD1A0E60B463AB73BD4C026B-20.m3u8?t=1756304657&key=DC71BF19068646EE84B3918C8071A68D&tpl=10&tpt=112
《中级职称》2025直播高频考点精讲《会计实务》（一阶段）（刘小英）——————第七十讲：第十七章 所得税（五）_清晰,http://cd12-ccd1-3.play.bokecc.com/flvs/606E693D99DE632E/2025-07-27/97AD1AECDD1A0E60B463AB73BD4C026B-10.m3u8?t=1756304657&key=7918691BF4A200B3FA78F8182202CD76&tpl=10&tpt=112
《中级职称》2025直播高频考点精讲《经济法》（一阶段） （王雅萱）——————第三十二讲：第四章 物权法律制度（五）_高清,http://cd15-ccd1-1.play.bokecc.com/flvs/606E693D99DE632E/2025-06-06/131D5F858385725113358DE27D943A99-20.m3u8?t=1756304658&key=14BE09E3552A5B996D201C525CE7FC7E&tpl=10&tpt=112
《中级职称》2025直播高频考点精讲《经济法》（一阶段） （王雅萱）——————第三十二讲：第四章 物权法律制度（五）_清晰,http://cd15-ccd1-1.play.bokecc.com/flvs/606E693D99DE632E/2025-06-06/131D5F858385725113358DE27D943A99-10.m3u8?t=1756304658&key=8A4F8925717DC872F826C9DD87898E8D&tpl=10&tpt=112
《中级职称》2025直播高频考点精讲《经济法》（一阶段） （王雅萱）——————第五十讲：第五章 合同法律制度（十）_清晰,http://cd15-ccd1-1.play.bokecc.com/flvs/606E693D99DE632E/2025-07-05/E11E9E4CE928C3DB753C612EB38A8D5A-10.m3u8?t=1756304658&key=8C6A1A1E4A11E0B0AFBD89725E40D415&tpl=10&tpt=112
《中级职称》2025直播高频考点精讲《会计实务》（一阶段）（刘小英）——————第八十二讲：第二十一章 企业合并与合并_高清,http://cd12-ccd1-3.play.bokecc.com/flvs/606E693D99DE632E/2025-08-09/1FC8DDA63E2320EDB463AB73BD4C026B-20.m3u8?t=1756304658&key=AB5FD4BB60C6637B207F8F1DBECED229&tpl=10&tpt=112
《中级职称》2025直播高频考点精讲《会计实务》（一阶段）（刘小英）——————第八十二讲：第二十一章 企业合并与合并_清晰,http://cd12-ccd1-3.play.bokecc.com/flvs/606E693D99DE632E/2025-08-09/1FC8DDA63E2320EDB463AB73BD4C026B-10.m3u8?t=1756304658&key=CA7DBDFECA87A902D3942210063C4F47&tpl=10&tpt=112
《中级职称》2025直播高频考点精讲《经济法》（一阶段） （王雅萱）——————第三十一讲：第四章 物权法律制度（四）_高清,http://cd12-ccd1-1.play.bokecc.com/flvs/606E693D99DE632E/2025-06-06/6FD5873BFD5BB011753C612EB38A8D5A-20.m3u8?t=1756304658&key=67AE02119AB00B11919D758B5712B9E3&tpl=10&tpt=112
《中级职称》2025直播高频考点精讲《经济法》（一阶段） （王雅萱）——————第三十一讲：第四章 物权法律制度（四）_清晰,http://cd12-ccd1-1.play.bokecc.com/flvs/606E693D99DE632E/2025-06-06/6FD5873BFD5BB011753C612EB38A8D5A-10.m3u8?t=1756304658&key=ACCCDEC0D40E81BA7C61D876904CF96D&tpl=10&tpt=112
《中级职称》2025直播高频考点精讲《经济法》（一阶段） （王雅萱）——————第八讲：第一章 第二节 经济纠纷的解决_高清,http://cd12-ccd1-1.play.bokecc.com/flvs/606E693D99DE632E/2025-04-11/DD2A35C30D04CD09FC9558351D509E7C-20.m3u8?t=1756304658&key=84A971E0968FDB23C0ABC7A45E2F6ABC&tpl=10&tpt=112
《中级职称》2025直播高频考点精讲《经济法》（一阶段） （王雅萱）——————第八讲：第一章 第二节 经济纠纷的解决_清晰,http://cd12-ccd1-1.play.bokecc.com/flvs/606E693D99DE632E/2025-04-11/DD2A35C30D04CD09FC9558351D509E7C-10.m3u8?t=1756304658&key=8D3E57AE4F41A80B769A5AAB5426A80A&tpl=10&tpt=112
《中级职称》2025直播高频考点精讲《经济法》（一阶段） （王雅萱）——————第三十五讲：第四章 物权法律制度（八）_高清,http://cd12-ccd1-1.play.bokecc.com/flvs/606E693D99DE632E/2025-06-13/FC9CE20A4CE94261F3342D97BB1D6DF8-20.m3u8?t=1756304658&key=0B864B1A5890B5326096C13C9296AA52&tpl=10&tpt=112
《中级职称》2025直播高频考点精讲《经济法》（一阶段） （王雅萱）——————第三十五讲：第四章 物权法律制度（八）_清晰,http://cd12-ccd1-1.play.bokecc.com/flvs/606E693D99DE632E/2025-06-13/FC9CE20A4CE94261F3342D97BB1D6DF8-10.m3u8?t=1756304658&key=A83069A5C3B517B37C7469F606F9EE0C&tpl=10&tpt=112
《中级职称》2025直播高频考点精讲《会计实务》（一阶段）（刘小英）——————第二十二讲：第八章 金融资产和金融负债_清晰,http://cd12-ccd1-1.play.bokecc.com/flvs/606E693D99DE632E/2025-05-14/523D69F8C00E8B727E6C9CEE8B422289-10.m3u8?t=1756304658&key=B2221C043B7A0E890E662129CB1C9684&tpl=10&tpt=112
《中级职称》2025直播高频考点精讲《经济法》（一阶段） （王雅萱）——————第三讲：第一章 第一节法律行为与代理（_高清,http://cd15-ccd1-3.play.bokecc.com/flvs/606E693D99DE632E/2025-03-28/872246C85B3E1B3A2BBA984E86119800-20.m3u8?t=1756304659&key=C03CE73318782A3F2A083175C04F7C98&tpl=10&tpt=112
《中级职称》2025直播高频考点精讲《经济法》（一阶段） （王雅萱）——————第三讲：第一章 第一节法律行为与代理（_清晰,http://cd15-ccd1-3.play.bokecc.com/flvs/606E693D99DE632E/2025-03-28/872246C85B3E1B3A2BBA984E86119800-10.m3u8?t=1756304659&key=ACE5D398035C7FCB5D7E5E1FDB2720CE&tpl=10&tpt=112
《中级职称》2025直播高频考点精讲《会计实务》（一阶段）（刘小英）——————第三十一讲：第十章 股份支付（四）_清晰,http://cd15-ccd1-1.play.bokecc.com/flvs/606E693D99DE632E/2025-06-04/B2EF74E0C3E798D37E6C9CEE8B422289-10.m3u8?t=1756304659&key=AA1D1AF05DE287DC9078A73E168E9AB5&tpl=10&tpt=112
《中级职称》2025直播高频考点精讲《经济法》（一阶段） （王雅萱）——————第三十八讲：第四章 物权法律制度（十一_高清,http://cd12-ccd1-1.play.bokecc.com/flvs/606E693D99DE632E/2025-06-14/17C123D1255AD8DB63835A29B2A11961-20.m3u8?t=1756304659&key=76D620956258B025ADFB65CAF0BF294D&tpl=10&tpt=112
《中级职称》2025直播高频考点精讲《经济法》（一阶段） （王雅萱）——————第三十八讲：第四章 物权法律制度（十一_清晰,http://cd12-ccd1-1.play.bokecc.com/flvs/606E693D99DE632E/2025-06-14/17C123D1255AD8DB63835A29B2A11961-10.m3u8?t=1756304659&key=5D33600C445699C0014732DBDBAFEDAE&tpl=10&tpt=112
《中级职称》2025 中级总复习《经济法》 （王雅萱）——————第二讲：总复习 第一章 考点十至十二_高清,http://cd15-ccd1-1.play.bokecc.com/flvs/606E693D99DE632E/2025-08-22/34C5242F57BDC1DC63835A29B2A11961-20.m3u8?t=1756304659&key=B67C8D7DEC8A2CAE2793CCC6323C1E70&tpl=10&tpt=112
《中级职称》2025 中级总复习《经济法》 （王雅萱）——————第二讲：总复习 第一章 考点十至十二_清晰,http://cd15-ccd1-1.play.bokecc.com/flvs/606E693D99DE632E/2025-08-22/34C5242F57BDC1DC63835A29B2A11961-10.m3u8?t=1756304659&key=A6D31C46D28B366CAF21444211440596&tpl=10&tpt=112
《中级职称》2025直播高频考点精讲《会计实务》（一阶段）（刘小英）——————第二十讲：第八章 金融资产和金融负债（_高清,http://cd12-ccd1-1.play.bokecc.com/flvs/606E693D99DE632E/2025-05-11/5CEDA0FE2F3A4CE62BBA984E86119800-20.m3u8?t=1756304659&key=5F612EAE768AF661F222290CAD3C3711&tpl=10&tpt=112
《中级职称》2025直播高频考点精讲《会计实务》（一阶段）（刘小英）——————第二十讲：第八章 金融资产和金融负债（_清晰,http://cd12-ccd1-1.play.bokecc.com/flvs/606E693D99DE632E/2025-05-11/5CEDA0FE2F3A4CE62BBA984E86119800-10.m3u8?t=1756304659&key=37E03C952C67159C9D9D57FE920B0CD9&tpl=10&tpt=112
《中级职称》2025直播高频考点精讲《经济法》（一阶段） （王雅萱）——————第十九讲：第二章 第四节 董监高任职资_高清,http://cd12-ccd1-1.play.bokecc.com/flvs/606E693D99DE632E/2025-05-09/6FC53B44E9A30D9DF3342D97BB1D6DF8-20.m3u8?t=1756304659&key=02630C83D9BB6F74A29839935D704081&tpl=10&tpt=112
《中级职称》2025直播高频考点精讲《经济法》（一阶段） （王雅萱）——————第十九讲：第二章 第四节 董监高任职资_清晰,http://cd12-ccd1-1.play.bokecc.com/flvs/606E693D99DE632E/2025-05-09/6FC53B44E9A30D9DF3342D97BB1D6DF8-10.m3u8?t=1756304659&key=F862C36450C4FFC9C75702FDD1FA86A0&tpl=10&tpt=112
《中级职称》2025 中级七套题《经济法》（王雅萱）——————第五讲：第三套客观题（单选、多选、判断_高清,http://cd15-ccd1-3.play.bokecc.com/flvs/606E693D99DE632E/2025-08-23/4347E414FDF4AD1513358DE27D943A99-20.m3u8?t=1756304659&key=A0E90ECD02B875360D15129D3C8A3591&tpl=10&tpt=112
《中级职称》2025 中级七套题《经济法》（王雅萱）——————第五讲：第三套客观题（单选、多选、判断_清晰,http://cd15-ccd1-3.play.bokecc.com/flvs/606E693D99DE632E/2025-08-23/4347E414FDF4AD1513358DE27D943A99-10.m3u8?t=1756304659&key=21E185620B9468FC45006BDC694CA246&tpl=10&tpt=112
《中级职称》2025直播高频考点精讲《会计实务》（一阶段）（刘小英）——————第六十五讲：第十六章  债务重组（四）_高清,http://cd12-ccd1-3.play.bokecc.com/flvs/606E693D99DE632E/2025-07-24/BAE87CBC824975BB7E6C9CEE8B422289-20.m3u8?t=1756304660&key=B6E6B6AD393424EA80095CDBA6659B79&tpl=10&tpt=112
《中级职称》2025直播高频考点精讲《会计实务》（一阶段）（刘小英）——————第六十五讲：第十六章  债务重组（四）_清晰,http://cd12-ccd1-3.play.bokecc.com/flvs/606E693D99DE632E/2025-07-24/BAE87CBC824975BB7E6C9CEE8B422289-10.m3u8?t=1756304660&key=422227AA1E08FD8FD9AF6F0C2F5F228D&tpl=10&tpt=112
《中级职称》2025 中级总复习《经济法》 （王雅萱）——————第五讲：总复习 第三章 考点一至五_清晰,http://cd12-ccd1-3.play.bokecc.com/flvs/606E693D99DE632E/2025-08-24/6BA61C22D8A1D8B13F35109F9F77F2A8-10.m3u8?t=1756304660&key=1FF756CAB903BC355D220C22B7AC52AC&tpl=10&tpt=112
《中级职称》2025直播高频考点精讲《会计实务》（一阶段）（刘小英）——————第四讲：第三章 固定资产（一）_清晰,http://cd12-ccd1-3.play.bokecc.com/flvs/606E693D99DE632E/2025-03-30/D916A9FDC14EA6B4753C612EB38A8D5A-10.m3u8?t=1756304660&key=E07DB2E5072E7CE4C1C1EEF11A944DA2&tpl=10&tpt=112
《中级职称》2025直播高频考点精讲《会计实务》（一阶段）（刘小英）——————第二十四讲：第八章 金融资产和金融负债_高清,http://cd12-ccd1-1.play.bokecc.com/flvs/606E693D99DE632E/2025-05-18/5121482E6BE6821D7E6C9CEE8B422289-20.m3u8?t=1756304660&key=C51EB1D31F836945E51AEBEF49F1B536&tpl=10&tpt=112
《中级职称》2025直播高频考点精讲《会计实务》（一阶段）（刘小英）——————第二十四讲：第八章 金融资产和金融负债_清晰,http://cd12-ccd1-1.play.bokecc.com/flvs/606E693D99DE632E/2025-05-18/5121482E6BE6821D7E6C9CEE8B422289-10.m3u8?t=1756304660&key=43CB18C2616B9D4F1B4925DB5A5AF0E9&tpl=10&tpt=112
《中级职称》2025直播高频考点精讲《会计实务》（一阶段）（刘小英）——————第九十五讲：复习讲题 第十三章 收入_高清,http://cd12-ccd1-1.play.bokecc.com/flvs/606E693D99DE632E/2025-08-24/50B6CB1554C437E913358DE27D943A99-20.m3u8?t=1756304660&key=09CD7FB6D3FBADB9A0767BEA7F44A0C4&tpl=10&tpt=112
《中级职称》2025直播高频考点精讲《会计实务》（一阶段）（刘小英）——————第九十五讲：复习讲题 第十三章 收入_清晰,http://cd12-ccd1-1.play.bokecc.com/flvs/606E693D99DE632E/2025-08-24/50B6CB1554C437E913358DE27D943A99-10.m3u8?t=1756304660&key=DD76BD314C011D393B87FEBF65376ED9&tpl=10&tpt=112
《中级职称》2025直播高频考点精讲《会计实务》（一阶段）（刘小英）——————第七十七讲：第二十章 持有待售（一）_清晰,http://cd12-ccd1-1.play.bokecc.com/flvs/606E693D99DE632E/2025-08-03/B463B9BE86CF18EA63835A29B2A11961-10.m3u8?t=1756304660&key=E4494CA82983331586A7BF2F3F47A4E9&tpl=10&tpt=112
《中级职称》2025直播高频考点精讲《经济法》（一阶段） （王雅萱）——————第四十九讲：第五章 合同法律制度（九）_清晰,http://cd12-ccd1-1.play.bokecc.com/flvs/606E693D99DE632E/2025-07-05/E11E9E4CE928C3DB2BBA984E86119800-10.m3u8?t=1756304661&key=BA0C54539C5A9BEAA1A77D84008C2396&tpl=10&tpt=112
《中级职称》2025直播高频考点精讲《经济法》（一阶段） （王雅萱）——————第五十二讲：第五章 合同法律制度（十二_高清,http://cd15-ccd1-1.play.bokecc.com/flvs/606E693D99DE632E/2025-07-11/DD6F0D43C74182B8FC9558351D509E7C-20.m3u8?t=1756304661&key=52F4EE61199CF830118B9F81E10E454D&tpl=10&tpt=112
《中级职称》2025直播高频考点精讲《经济法》（一阶段） （王雅萱）——————第五十二讲：第五章 合同法律制度（十二_清晰,http://cd15-ccd1-1.play.bokecc.com/flvs/606E693D99DE632E/2025-07-11/DD6F0D43C74182B8FC9558351D509E7C-10.m3u8?t=1756304661&key=18349778A857DACF441F42C1BB34A3B3&tpl=10&tpt=112
《中级职称》2025直播高频考点精讲《会计实务》（一阶段）（刘小英）——————第七讲：第三章 固定资产（四）_清晰,http://cd12-ccd1-1.play.bokecc.com/flvs/606E693D99DE632E/2025-04-13/6DC9D6470992CD7763835A29B2A11961-10.m3u8?t=1756304661&key=FE04E92069A5D8559563D6110FBECCC2&tpl=10&tpt=112
《中级职称》2025直播高频考点精讲《经济法》（一阶段） （王雅萱）——————第十讲：第二章 第二节 有限责任公司（_清晰,http://cd12-ccd1-1.play.bokecc.com/flvs/606E693D99DE632E/2025-04-12/205210686E140F9213358DE27D943A99-10.m3u8?t=1756304661&key=0E6A595CF8FA296AB583157AAF13503E&tpl=10&tpt=112
《中级职称》2025直播高频考点精讲《经济法》（一阶段） （王雅萱）——————第六十二讲：第六章 金融法律制度~保险_高清,http://cd12-ccd1-3.play.bokecc.com/flvs/606E693D99DE632E/2025-07-26/089B5E26D83CD8153F35109F9F77F2A8-20.m3u8?t=1756304661&key=C9AA60D91A55D6CB30A4D4BF80D5C0CB&tpl=10&tpt=112
《中级职称》2025直播高频考点精讲《经济法》（一阶段） （王雅萱）——————第六十二讲：第六章 金融法律制度~保险_清晰,http://cd12-ccd1-3.play.bokecc.com/flvs/606E693D99DE632E/2025-07-26/089B5E26D83CD8153F35109F9F77F2A8-10.m3u8?t=1756304661&key=601E4925FA0EFBA26D553BD8BCC33341&tpl=10&tpt=112
《中级职称》2025直播高频考点精讲《会计实务》（一阶段）（刘小英）——————第八讲：第三章 固定资产（五）_清晰,http://cd15-ccd1-1.play.bokecc.com/flvs/606E693D99DE632E/2025-04-13/6DC9D6470992CD77F3342D97BB1D6DF8-10.m3u8?t=1756304661&key=FB896657E3A98A4B436282BB4F2095AA&tpl=10&tpt=112
《中级职称》2025直播高频考点精讲《会计实务》（一阶段）（刘小英）——————第四十讲：第十三章 收入（四）_清晰,http://cd12-ccd1-1.play.bokecc.com/flvs/606E693D99DE632E/2025-06-15/B37E0C16FA63E7E83F35109F9F77F2A8-10.m3u8?t=1756304662&key=5A5C6BC34E9771169FC5A3EADDD81B4F&tpl=10&tpt=112
《中级职称》2025直播高频考点精讲《会计实务》（一阶段）（刘小英）——————第三十九讲：第十三章 收入（三）_清晰,http://cd15-ccd1-1.play.bokecc.com/flvs/606E693D99DE632E/2025-06-15/B37E0C16FA63E7E8F3342D97BB1D6DF8-10.m3u8?t=1756304662&key=539222A97E9F835082CF5B07570175BF&tpl=10&tpt=112
《中级职称》2025直播高频考点精讲《会计实务》（一阶段）（刘小英）——————第七十五讲：第十九章 租赁（三）_高清,http://cd12-ccd1-1.play.bokecc.com/flvs/606E693D99DE632E/2025-08-03/3D4B3AC9584BEC8563835A29B2A11961-20.m3u8?t=1756304662&key=1B5A5F63EC6476A74731E7A9AB73A2AB&tpl=10&tpt=112
《中级职称》2025直播高频考点精讲《会计实务》（一阶段）（刘小英）——————第七十五讲：第十九章 租赁（三）_清晰,http://cd12-ccd1-1.play.bokecc.com/flvs/606E693D99DE632E/2025-08-03/3D4B3AC9584BEC8563835A29B2A11961-10.m3u8?t=1756304662&key=0C2D54C2508ED7E65A4EF5151BEAB140&tpl=10&tpt=112
《中级职称》2025直播高频考点精讲《经济法》（一阶段） （王雅萱）——————第二十二讲：第三章 合伙企业法（一）_高清,http://cd12-ccd1-1.play.bokecc.com/flvs/606E693D99DE632E/2025-05-10/87805D7C7B6F9367753C612EB38A8D5A-20.m3u8?t=1756304662&key=C6DFAA96A4EEA18C3A59FA7A6CC7A26E&tpl=10&tpt=112
《中级职称》2025直播高频考点精讲《经济法》（一阶段） （王雅萱）——————第二十二讲：第三章 合伙企业法（一）_清晰,http://cd12-ccd1-1.play.bokecc.com/flvs/606E693D99DE632E/2025-05-10/87805D7C7B6F9367753C612EB38A8D5A-10.m3u8?t=1756304662&key=1E411634470640BBD81253C33A1A0A4B&tpl=10&tpt=112
《中级职称》2025直播高频考点精讲《会计实务》（一阶段）（刘小英）——————第五十三讲：第六章 长期股权投资（六）_高清,http://cd12-ccd1-1.play.bokecc.com/flvs/606E693D99DE632E/2025-07-12/7372D293D3C9FE257E6C9CEE8B422289-20.m3u8?t=1756304662&key=B372B6B2C0FE1427772B2C086ADE0A0D&tpl=10&tpt=112
《中级职称》2025直播高频考点精讲《会计实务》（一阶段）（刘小英）——————第五十三讲：第六章 长期股权投资（六）_清晰,http://cd12-ccd1-1.play.bokecc.com/flvs/606E693D99DE632E/2025-07-12/7372D293D3C9FE257E6C9CEE8B422289-10.m3u8?t=1756304662&key=38BE4F36F93A7B4E3A2D0B7491FF1667&tpl=10&tpt=112
《中级职称》2025直播高频考点精讲《会计实务》（一阶段）（刘小英）——————第九十二讲：复习讲题 第十五章 交换、_高清,http://cd12-ccd1-3.play.bokecc.com/flvs/606E693D99DE632E/2025-08-17/9BA02CC0753C854FFC9558351D509E7C-20.m3u8?t=1756304662&key=D7B3C27DD780C426F19491B313CF19CF&tpl=10&tpt=112
《中级职称》2025直播高频考点精讲《会计实务》（一阶段）（刘小英）——————第九十二讲：复习讲题 第十五章 交换、_清晰,http://cd12-ccd1-3.play.bokecc.com/flvs/606E693D99DE632E/2025-08-17/9BA02CC0753C854FFC9558351D509E7C-10.m3u8?t=1756304662&key=788EA0A8D641366B445073EDF3D87B53&tpl=10&tpt=112
《中级职称》2025直播高频考点精讲《经济法》（一阶段） （王雅萱）——————第五十五讲：第六章 金融法律制度~票据_高清,http://cd12-ccd1-3.play.bokecc.com/flvs/606E693D99DE632E/2025-07-18/937DD537C7B3970E63835A29B2A11961-20.m3u8?t=1756304663&key=1A8125CA4AF8B96F346438D5D0B2A74E&tpl=10&tpt=112
《中级职称》2025直播高频考点精讲《经济法》（一阶段） （王雅萱）——————第五十五讲：第六章 金融法律制度~票据_清晰,http://cd12-ccd1-3.play.bokecc.com/flvs/606E693D99DE632E/2025-07-18/937DD537C7B3970E63835A29B2A11961-10.m3u8?t=1756304663&key=CEF03724A2F8A1259984A6F393E11B61&tpl=10&tpt=112
《中级职称》2025直播高频考点精讲《经济法》（一阶段） （王雅萱）——————第二十讲：第二章 第六节 公司财务、会_高清,http://cd12-ccd1-1.play.bokecc.com/flvs/606E693D99DE632E/2025-05-09/85FD9A1F60EB2C3EF3342D97BB1D6DF8-20.m3u8?t=1756304663&key=D919854D84C50D9910ED1D226ECF6FBF&tpl=10&tpt=112
《中级职称》2025直播高频考点精讲《经济法》（一阶段） （王雅萱）——————第二十讲：第二章 第六节 公司财务、会_清晰,http://cd12-ccd1-1.play.bokecc.com/flvs/606E693D99DE632E/2025-05-09/85FD9A1F60EB2C3EF3342D97BB1D6DF8-10.m3u8?t=1756304663&key=938FD13883A9C634B1856012789D1923&tpl=10&tpt=112
《中级职称》2025直播高频考点精讲《会计实务》（一阶段）（刘小英）——————第十七讲：第七章 资产减值（一）_高清,http://cd12-ccd1-1.play.bokecc.com/flvs/606E693D99DE632E/2025-05-07/FBCCDF2E9756F1B0FC9558351D509E7C-20.m3u8?t=1756304663&key=3202F2F461A4792D0E0A5DE4600E32AB&tpl=10&tpt=112
《中级职称》2025直播高频考点精讲《会计实务》（一阶段）（刘小英）——————第十七讲：第七章 资产减值（一）_清晰,http://cd12-ccd1-1.play.bokecc.com/flvs/606E693D99DE632E/2025-05-07/FBCCDF2E9756F1B0FC9558351D509E7C-10.m3u8?t=1756304663&key=3D17782E174A5000887A28013B178B73&tpl=10&tpt=112
《中级职称》2025直播高频考点精讲《经济法》（一阶段） （王雅萱）——————第十三讲：第二章 第二节 有限责任公司_高清,http://cd12-ccd1-1.play.bokecc.com/flvs/606E693D99DE632E/2025-04-19/57B41DDE86BA0C9C753C612EB38A8D5A-20.m3u8?t=1756304663&key=D790AE405E8D1D151CC6E7010FF3B6DE&tpl=10&tpt=112
《中级职称》2025直播高频考点精讲《经济法》（一阶段） （王雅萱）——————第十三讲：第二章 第二节 有限责任公司_清晰,http://cd12-ccd1-1.play.bokecc.com/flvs/606E693D99DE632E/2025-04-19/57B41DDE86BA0C9C753C612EB38A8D5A-10.m3u8?t=1756304663&key=39F42E3FFB8212384A973AC15D82A698&tpl=10&tpt=112
《中级职称》2025 中级七套题《经济法》（王雅萱）——————第九讲：第五套 客观题（单、多、判）_清晰,http://cd12-ccd1-1.play.bokecc.com/flvs/606E693D99DE632E/2025-08-23/880183266CBBA37A753C612EB38A8D5A-10.m3u8?t=1756304663&key=3A27F32C127608251FE25FCCFF157E4B&tpl=10&tpt=112
《中级职称》2025直播高频考点精讲《经济法》（一阶段） （王雅萱）——————第二十七讲：第三章 合伙企业法（六）_高清,http://cd12-ccd1-1.play.bokecc.com/flvs/606E693D99DE632E/2025-05-23/F57D9AD89CF9762F753C612EB38A8D5A-20.m3u8?t=1756304663&key=56FEA29A4B6D955EEC3A97DDF91946FC&tpl=10&tpt=112
《中级职称》2025直播高频考点精讲《经济法》（一阶段） （王雅萱）——————第二十七讲：第三章 合伙企业法（六）_清晰,http://cd12-ccd1-1.play.bokecc.com/flvs/606E693D99DE632E/2025-05-23/F57D9AD89CF9762F753C612EB38A8D5A-10.m3u8?t=1756304663&key=94D6696AC62D29D05E7A98F864F4390A&tpl=10&tpt=112
《中级职称》2025直播高频考点精讲《经济法》（一阶段） （王雅萱）——————第五十一讲：第五章 合同法律制度（十一_高清,http://cd12-ccd1-1.play.bokecc.com/flvs/606E693D99DE632E/2025-07-11/E4301F499EC9D255F3342D97BB1D6DF8-20.m3u8?t=1756304663&key=C2487ECB67A5FCB5572E5B38AF55AD85&tpl=10&tpt=112
《中级职称》2025直播高频考点精讲《经济法》（一阶段） （王雅萱）——————第五十一讲：第五章 合同法律制度（十一_清晰,http://cd12-ccd1-1.play.bokecc.com/flvs/606E693D99DE632E/2025-07-11/E4301F499EC9D255F3342D97BB1D6DF8-10.m3u8?t=1756304663&key=B209194BF47A987AEE9A5B6B79DF8922&tpl=10&tpt=112
《中级职称》2025直播高频考点精讲《经济法》（一阶段） （王雅萱）——————第二十六讲：第三章 合伙企业法（五）_清晰,http://cd15-ccd1-1.play.bokecc.com/flvs/606E693D99DE632E/2025-05-17/E20E186353C09D47753C612EB38A8D5A-10.m3u8?t=1756304664&key=AE649D42CCFAE7AC613B337FC0A04104&tpl=10&tpt=112
《中级职称》2025直播高频考点精讲《经济法》（一阶段） （王雅萱）——————第四十八讲：第五章 合同法律制度（八）_高清,http://cd12-ccd1-1.play.bokecc.com/flvs/606E693D99DE632E/2025-07-04/092E1827BB7BFC240498CE5AAF1F53F5-20.m3u8?t=1756304664&key=9725CBEB75F3A44CD8B03EFE15A5C7A2&tpl=10&tpt=112
《中级职称》2025直播高频考点精讲《经济法》（一阶段） （王雅萱）——————第四十八讲：第五章 合同法律制度（八）_清晰,http://cd12-ccd1-1.play.bokecc.com/flvs/606E693D99DE632E/2025-07-04/092E1827BB7BFC240498CE5AAF1F53F5-10.m3u8?t=1756304664&key=94E94BDE8A4F9514A909DACAEA588924&tpl=10&tpt=112
《中级职称》2025直播高频考点精讲《会计实务》（一阶段）（刘小英）——————第三十八讲：第十三章 收入（二）_高清,http://cd12-ccd1-1.play.bokecc.com/flvs/606E693D99DE632E/2025-06-15/4AB50B019D5C523D2BBA984E86119800-20.m3u8?t=1756304664&key=746F41198E87FD8810993C04A7A78C5A&tpl=10&tpt=112
《中级职称》2025直播高频考点精讲《会计实务》（一阶段）（刘小英）——————第三十八讲：第十三章 收入（二）_清晰,http://cd12-ccd1-1.play.bokecc.com/flvs/606E693D99DE632E/2025-06-15/4AB50B019D5C523D2BBA984E86119800-10.m3u8?t=1756304664&key=DBB447000742687A8BFFFE10F8942028&tpl=10&tpt=112
《中级职称》2025直播高频考点精讲《经济法》（一阶段） （王雅萱）——————第七讲：第一章 第二节 经济纠纷的解决_高清,http://cd12-ccd1-1.play.bokecc.com/flvs/606E693D99DE632E/2025-04-11/DD2A35C30D04CD0913358DE27D943A99-20.m3u8?t=1756304664&key=0EC03B835A47E0381940EB77E4AA2DB0&tpl=10&tpt=112
《中级职称》2025直播高频考点精讲《经济法》（一阶段） （王雅萱）——————第七讲：第一章 第二节 经济纠纷的解决_清晰,http://cd12-ccd1-1.play.bokecc.com/flvs/606E693D99DE632E/2025-04-11/DD2A35C30D04CD0913358DE27D943A99-10.m3u8?t=1756304664&key=A9DC1B0179EAF53DECD0CE2541F40269&tpl=10&tpt=112
《中级职称》2025 中级七套题《经济法》（王雅萱）——————第八讲：第四套 主观题（简答题）_高清,http://cd15-ccd1-3.play.bokecc.com/flvs/606E693D99DE632E/2025-08-23/2D451ADB28E2C276753C612EB38A8D5A-20.m3u8?t=1756304664&key=88313F7EF10704DEE1C865F29229BB9A&tpl=10&tpt=112
《中级职称》2025 中级七套题《经济法》（王雅萱）——————第八讲：第四套 主观题（简答题）_清晰,http://cd15-ccd1-3.play.bokecc.com/flvs/606E693D99DE632E/2025-08-23/2D451ADB28E2C276753C612EB38A8D5A-10.m3u8?t=1756304664&key=E2470AD0A09BF7CB46053705EBDCC656&tpl=10&tpt=112
《中级职称》2025 中级七套题《经济法》（王雅萱）——————第四讲：第二套 主观题（简答题）_高清,http://cd12-ccd1-1.play.bokecc.com/flvs/606E693D99DE632E/2025-08-22/9B76AB069D41CBA53F35109F9F77F2A8-20.m3u8?t=1756304664&key=41C2A93F0969216BAE35FE7AB6768A78&tpl=10&tpt=112
《中级职称》2025 中级七套题《经济法》（王雅萱）——————第四讲：第二套 主观题（简答题）_清晰,http://cd12-ccd1-1.play.bokecc.com/flvs/606E693D99DE632E/2025-08-22/9B76AB069D41CBA53F35109F9F77F2A8-10.m3u8?t=1756304664&key=DBE0B48993502861F736091108221B49&tpl=10&tpt=112
《中级职称》2025 中级七套题《经济法》（王雅萱）——————第二讲：第一套 主观题（简答题）_高清,http://cd12-ccd1-3.play.bokecc.com/flvs/606E693D99DE632E/2025-08-09/33770E98B262E10B63835A29B2A11961-20.m3u8?t=1756304665&key=388D28553F0F99D3E71B73F8A212AD2D&tpl=10&tpt=112
《中级职称》2025 中级七套题《经济法》（王雅萱）——————第二讲：第一套 主观题（简答题）_清晰,http://cd12-ccd1-3.play.bokecc.com/flvs/606E693D99DE632E/2025-08-09/33770E98B262E10B63835A29B2A11961-10.m3u8?t=1756304665&key=28113D9DD09DF79FAC54A9D5D4E3794E&tpl=10&tpt=112
《中级职称》2025直播高频考点精讲《会计实务》（一阶段）（刘小英）——————第六十三讲：第十六章  债务重组（二）_高清,http://cd12-ccd1-3.play.bokecc.com/flvs/606E693D99DE632E/2025-07-20/16265CE822F198EA0498CE5AAF1F53F5-20.m3u8?t=1756304665&key=1B7FFB50FD16E9478FD63940F3133F94&tpl=10&tpt=112
《中级职称》2025直播高频考点精讲《会计实务》（一阶段）（刘小英）——————第六十三讲：第十六章  债务重组（二）_清晰,http://cd12-ccd1-3.play.bokecc.com/flvs/606E693D99DE632E/2025-07-20/16265CE822F198EA0498CE5AAF1F53F5-10.m3u8?t=1756304665&key=42DE76BF7B349E3D481215299B7DB928&tpl=10&tpt=112
《中级职称》2025直播高频考点精讲《会计实务》（一阶段）（刘小英）——————第八十九讲：复习讲题 第二十一章 合并_高清,http://cd12-ccd1-3.play.bokecc.com/flvs/606E693D99DE632E/2025-08-16/41CA14634A884300B463AB73BD4C026B-20.m3u8?t=1756304665&key=4699AB5BA431F1B4156D25A5A59A0C95&tpl=10&tpt=112
《中级职称》2025直播高频考点精讲《会计实务》（一阶段）（刘小英）——————第八十九讲：复习讲题 第二十一章 合并_清晰,http://cd12-ccd1-3.play.bokecc.com/flvs/606E693D99DE632E/2025-08-16/41CA14634A884300B463AB73BD4C026B-10.m3u8?t=1756304665&key=0F84553989845C155BE8A17F942F2E11&tpl=10&tpt=112
《中级职称》2025直播高频考点精讲《会计实务》（一阶段）（刘小英）——————第二十五讲：第八章 金融资产和金融负债_高清,http://cd15-ccd1-1.play.bokecc.com/flvs/606E693D99DE632E/2025-05-21/C59115D46FA1CF2A2BBA984E86119800-20.m3u8?t=1756304665&key=E5BB623736AA604426B23B8A4A4EBCC5&tpl=10&tpt=112
《中级职称》2025直播高频考点精讲《会计实务》（一阶段）（刘小英）——————第二十五讲：第八章 金融资产和金融负债_清晰,http://cd15-ccd1-1.play.bokecc.com/flvs/606E693D99DE632E/2025-05-21/C59115D46FA1CF2A2BBA984E86119800-10.m3u8?t=1756304665&key=4DAF1CB9FAB334BF6AB6CA35B05B0BBA&tpl=10&tpt=112
《中级职称》2025直播高频考点精讲《会计实务》（一阶段）（刘小英）——————第六十九讲：第十七章 所得税（四）_高清,http://cd15-ccd1-3.play.bokecc.com/flvs/606E693D99DE632E/2025-07-27/A9B74B9B7589D07CFC9558351D509E7C-20.m3u8?t=1756304665&key=66810811E96CA73564853C1BFE99FDF6&tpl=10&tpt=112
《中级职称》2025直播高频考点精讲《会计实务》（一阶段）（刘小英）——————第六十九讲：第十七章 所得税（四）_清晰,http://cd15-ccd1-3.play.bokecc.com/flvs/606E693D99DE632E/2025-07-27/A9B74B9B7589D07CFC9558351D509E7C-10.m3u8?t=1756304665&key=46FD2F7706E46231D912240A65153A12&tpl=10&tpt=112
《中级职称》2025直播高频考点精讲《经济法》（一阶段） （王雅萱）——————第四十六讲：第五章 合同法律制度（六）_高清,http://cd12-ccd1-1.play.bokecc.com/flvs/606E693D99DE632E/2025-06-28/A751AFA2EE7862C2FC9558351D509E7C-20.m3u8?t=1756304665&key=FDB2C46EC5E88A1C1BBCB46375A76F22&tpl=10&tpt=112
《中级职称》2025直播高频考点精讲《经济法》（一阶段） （王雅萱）——————第四十六讲：第五章 合同法律制度（六）_清晰,http://cd12-ccd1-1.play.bokecc.com/flvs/606E693D99DE632E/2025-06-28/A751AFA2EE7862C2FC9558351D509E7C-10.m3u8?t=1756304665&key=7F7A5DD46E769D3E708C51ACB7DB3E5A&tpl=10&tpt=112
《中级职称》2025直播高频考点精讲《会计实务》（一阶段）（刘小英）——————第六十二讲：第十六章 债务重组（一）_高清,http://cd12-ccd1-3.play.bokecc.com/flvs/606E693D99DE632E/2025-07-20/16265CE822F198EA2BBA984E86119800-20.m3u8?t=1756304666&key=67E25FA712486DA8DAA62943724F89CC&tpl=10&tpt=112
《中级职称》2025直播高频考点精讲《会计实务》（一阶段）（刘小英）——————第六十二讲：第十六章 债务重组（一）_清晰,http://cd12-ccd1-3.play.bokecc.com/flvs/606E693D99DE632E/2025-07-20/16265CE822F198EA2BBA984E86119800-10.m3u8?t=1756304666&key=A4C2C328E937D90EDBD1436B95AC0772&tpl=10&tpt=112
《中级职称》2025直播高频考点精讲《会计实务》（一阶段）（刘小英）——————第四十九讲：第六章 长期股权投资（二）_高清,http://cd12-ccd1-1.play.bokecc.com/flvs/606E693D99DE632E/2025-06-28/8BAF24198999925963835A29B2A11961-20.m3u8?t=1756304666&key=EF2F3AD3E0DAAA751464D28B0ADA7A20&tpl=10&tpt=112
《中级职称》2025直播高频考点精讲《会计实务》（一阶段）（刘小英）——————第四十九讲：第六章 长期股权投资（二）_清晰,http://cd12-ccd1-1.play.bokecc.com/flvs/606E693D99DE632E/2025-06-28/8BAF24198999925963835A29B2A11961-10.m3u8?t=1756304666&key=C65C37A12517E243A607955B34EF4A5A&tpl=10&tpt=112
《中级职称》2025直播高频考点精讲《会计实务》（一阶段）（刘小英）——————第十二讲：第五章 投资性房地产（一）_高清,http://cd12-ccd1-1.play.bokecc.com/flvs/606E693D99DE632E/2025-04-20/ABBD3F8BE6563C85F3342D97BB1D6DF8-20.m3u8?t=1756304666&key=49955A3060B44A0CA040464AC157A2BD&tpl=10&tpt=112
《中级职称》2025直播高频考点精讲《会计实务》（一阶段）（刘小英）——————第十二讲：第五章 投资性房地产（一）_清晰,http://cd12-ccd1-1.play.bokecc.com/flvs/606E693D99DE632E/2025-04-20/ABBD3F8BE6563C85F3342D97BB1D6DF8-10.m3u8?t=1756304666&key=3A5FD6B8974FD85C482937C08FFA2412&tpl=10&tpt=112
《中级职称》2025直播高频考点精讲《会计实务》（一阶段）（刘小英）——————第十八讲：第七章 资产减值（二）_高清,http://cd12-ccd1-1.play.bokecc.com/flvs/606E693D99DE632E/2025-05-07/FBCCDF2E9756F1B013358DE27D943A99-20.m3u8?t=1756304666&key=FEAA8CC6460ED4583203D43A34F56D22&tpl=10&tpt=112
《中级职称》2025直播高频考点精讲《会计实务》（一阶段）（刘小英）——————第十八讲：第七章 资产减值（二）_清晰,http://cd12-ccd1-1.play.bokecc.com/flvs/606E693D99DE632E/2025-05-07/FBCCDF2E9756F1B013358DE27D943A99-10.m3u8?t=1756304666&key=88AAB922C8CAF843BE6EAEE079AC7AA1&tpl=10&tpt=112
《中级职称》2025直播高频考点精讲《会计实务》（一阶段）（刘小英）——————第三十六讲：第十二章 或有事项（二）_清晰,http://cd12-ccd1-1.play.bokecc.com/flvs/606E693D99DE632E/2025-06-11/D8DE519BAC0D0A3E0498CE5AAF1F53F5-10.m3u8?t=1756304666&key=37CD230278673EF747C0D2319E6BEE3C&tpl=10&tpt=112
《中级职称》2025直播高频考点精讲《经济法》（一阶段） （王雅萱）——————第六十讲：第六章 金融法律制度~证券法_高清,http://cd12-ccd1-3.play.bokecc.com/flvs/606E693D99DE632E/2025-07-25/FF246C1F17A5FCA5F3342D97BB1D6DF8-20.m3u8?t=1756304666&key=94D30D1D31751814862C5A11B557DD40&tpl=10&tpt=112
《中级职称》2025直播高频考点精讲《经济法》（一阶段） （王雅萱）——————第六十讲：第六章 金融法律制度~证券法_清晰,http://cd12-ccd1-3.play.bokecc.com/flvs/606E693D99DE632E/2025-07-25/FF246C1F17A5FCA5F3342D97BB1D6DF8-10.m3u8?t=1756304666&key=0587D2AAE3B2617EC8F82BFA5B86CCA5&tpl=10&tpt=112
《中级职称》2025直播高频考点精讲《会计实务》（一阶段）（刘小英）——————第十三讲：第五章 投资性房地产（二）_高清,http://cd12-ccd1-1.play.bokecc.com/flvs/606E693D99DE632E/2025-04-23/A68C4939E4FC4BF37E6C9CEE8B422289-20.m3u8?t=1756304666&key=6696A0A95C8BD4E17BB4D47AA9C36979&tpl=10&tpt=112
《中级职称》2025直播高频考点精讲《会计实务》（一阶段）（刘小英）——————第十三讲：第五章 投资性房地产（二）_清晰,http://cd12-ccd1-1.play.bokecc.com/flvs/606E693D99DE632E/2025-04-23/A68C4939E4FC4BF37E6C9CEE8B422289-10.m3u8?t=1756304666&key=C2E2A53A770EF9205D2159233E0F5003&tpl=10&tpt=112
《中级职称》2025 中级总复习《经济法》 （王雅萱）——————第九讲：总复习 第六章 考点十一至十八_高清,http://cd12-ccd1-3.play.bokecc.com/flvs/606E693D99DE632E/2025-08-26/39AAAC4AAD7354B7F3342D97BB1D6DF8-20.m3u8?t=1756304667&key=BF7FBB2463CFAF108356DBA8FECA2AF6&tpl=10&tpt=112
《中级职称》2025 中级总复习《经济法》 （王雅萱）——————第九讲：总复习 第六章 考点十一至十八_清晰,http://cd12-ccd1-3.play.bokecc.com/flvs/606E693D99DE632E/2025-08-26/39AAAC4AAD7354B7F3342D97BB1D6DF8-10.m3u8?t=1756304667&key=C49ADAB79B56E639E55B81C430E389E7&tpl=10&tpt=112
《中级职称》2025直播高频考点精讲《会计实务》（一阶段）（刘小英）——————第三十四讲：第十一章 借款费用（三）_高清,http://cd12-ccd1-1.play.bokecc.com/flvs/606E693D99DE632E/2025-06-08/5D7805F410AB0D83B463AB73BD4C026B-20.m3u8?t=1756304667&key=A48B8C047F6EFC3805E943A88BCFF6DC&tpl=10&tpt=112
《中级职称》2025直播高频考点精讲《会计实务》（一阶段）（刘小英）——————第三十四讲：第十一章 借款费用（三）_清晰,http://cd12-ccd1-1.play.bokecc.com/flvs/606E693D99DE632E/2025-06-08/5D7805F410AB0D83B463AB73BD4C026B-10.m3u8?t=1756304667&key=7A678C9FBD84969060C7DB13C097F3D0&tpl=10&tpt=112
《中级职称》2025直播高频考点精讲《经济法》（一阶段） （王雅萱）——————第三十九讲：第四章 物权法律制度（十二_高清,http://cd12-ccd1-1.play.bokecc.com/flvs/606E693D99DE632E/2025-06-20/784972B15FEC8D3E63835A29B2A11961-20.m3u8?t=1756304667&key=5B4826DD6EF16D98F0DBE508A2E8E06A&tpl=10&tpt=112
《中级职称》2025直播高频考点精讲《经济法》（一阶段） （王雅萱）——————第三十九讲：第四章 物权法律制度（十二_清晰,http://cd12-ccd1-1.play.bokecc.com/flvs/606E693D99DE632E/2025-06-20/784972B15FEC8D3E63835A29B2A11961-10.m3u8?t=1756304667&key=E5446B948A4943437F2586D09A0F70B5&tpl=10&tpt=112
《中级职称》2025 中级总复习《经济法》 （王雅萱）——————第六讲：总复习 第四章 考点一至八_高清,http://cd12-ccd1-3.play.bokecc.com/flvs/606E693D99DE632E/2025-08-24/BDB8587F7EDDB0B03F35109F9F77F2A8-20.m3u8?t=1756304667&key=BFC100CF41E3281AB273F908C13CB328&tpl=10&tpt=112
《中级职称》2025 中级总复习《经济法》 （王雅萱）——————第六讲：总复习 第四章 考点一至八_清晰,http://cd12-ccd1-3.play.bokecc.com/flvs/606E693D99DE632E/2025-08-24/BDB8587F7EDDB0B03F35109F9F77F2A8-10.m3u8?t=1756304667&key=5F8050567F750AB8C157B3DAD7EBD37D&tpl=10&tpt=112
《中级职称》2025直播高频考点精讲《会计实务》（一阶段）（刘小英）——————第七十六讲：第十九章 租赁（四）_清晰,http://cd15-ccd1-1.play.bokecc.com/flvs/606E693D99DE632E/2025-08-03/B463B9BE86CF18EAF3342D97BB1D6DF8-10.m3u8?t=1756304667&key=C76D77B3A01CC3CB6794C1FB15C64CCB&tpl=10&tpt=112
《中级职称》2025直播高频考点精讲《会计实务》（一阶段）（刘小英）——————第三十三讲：第十一章 借款费用（二）_高清,http://cd15-ccd1-1.play.bokecc.com/flvs/606E693D99DE632E/2025-06-08/5D7805F410AB0D8313358DE27D943A99-20.m3u8?t=1756304667&key=7793D45EF220A6A364056833270004D7&tpl=10&tpt=112
《中级职称》2025直播高频考点精讲《会计实务》（一阶段）（刘小英）——————第三十三讲：第十一章 借款费用（二）_清晰,http://cd15-ccd1-1.play.bokecc.com/flvs/606E693D99DE632E/2025-06-08/5D7805F410AB0D8313358DE27D943A99-10.m3u8?t=1756304667&key=8DEDD51B3338DA136EFF9CF46CB1F231&tpl=10&tpt=112
《中级职称》2025直播高频考点精讲《经济法》（一阶段） （王雅萱）——————第五十八讲：第六章 金融法律制度~证券_高清,http://cd15-ccd1-3.play.bokecc.com/flvs/606E693D99DE632E/2025-07-19/76DA53C4C57FD316FC9558351D509E7C-20.m3u8?t=1756304668&key=1E56BFE1D2616D30B5EDCCDDABB3538A&tpl=10&tpt=112
《中级职称》2025直播高频考点精讲《经济法》（一阶段） （王雅萱）——————第五十八讲：第六章 金融法律制度~证券_清晰,http://cd15-ccd1-3.play.bokecc.com/flvs/606E693D99DE632E/2025-07-19/76DA53C4C57FD316FC9558351D509E7C-10.m3u8?t=1756304668&key=3DCBBDEB07E944046FEF2F7CD8C05020&tpl=10&tpt=112
《中级职称》2025直播高频考点精讲《会计实务》（一阶段）（刘小英）——————第七十九讲：第二十章 企业合并与合并报_高清,http://cd12-ccd1-3.play.bokecc.com/flvs/606E693D99DE632E/2025-08-06/4CA70F366B1C563B13358DE27D943A99-20.m3u8?t=1756304668&key=822045BFCCA029E6C7EF6B4F19AEE6C0&tpl=10&tpt=112
《中级职称》2025直播高频考点精讲《会计实务》（一阶段）（刘小英）——————第七十九讲：第二十章 企业合并与合并报_清晰,http://cd12-ccd1-3.play.bokecc.com/flvs/606E693D99DE632E/2025-08-06/4CA70F366B1C563B13358DE27D943A99-10.m3u8?t=1756304668&key=F59C38B15D0C4DB213F96EEBBD9E346C&tpl=10&tpt=112
《中级职称》2025直播高频考点精讲《会计实务》（一阶段）（刘小英）——————第十四讲：第五章 投资性房地产（四）_高清,http://cd15-ccd1-1.play.bokecc.com/flvs/606E693D99DE632E/2025-04-23/A68C4939E4FC4BF30498CE5AAF1F53F5-20.m3u8?t=1756304668&key=D814DC42241DC229209C86C2E9260AA2&tpl=10&tpt=112
《中级职称》2025直播高频考点精讲《会计实务》（一阶段）（刘小英）——————第十四讲：第五章 投资性房地产（四）_清晰,http://cd15-ccd1-1.play.bokecc.com/flvs/606E693D99DE632E/2025-04-23/A68C4939E4FC4BF30498CE5AAF1F53F5-10.m3u8?t=1756304668&key=02684D77C18FF73B2DD88A833AEF8BCB&tpl=10&tpt=112
《中级职称》2025直播高频考点精讲《会计实务》（一阶段）（刘小英）——————第五十四讲：第六章 长期股权投资（七）_高清,http://cd12-ccd1-1.play.bokecc.com/flvs/606E693D99DE632E/2025-07-12/7372D293D3C9FE250498CE5AAF1F53F5-20.m3u8?t=1756304668&key=DB0C75AC006EBE52DFD4A0E1B321F681&tpl=10&tpt=112
《中级职称》2025直播高频考点精讲《会计实务》（一阶段）（刘小英）——————第五十四讲：第六章 长期股权投资（七）_清晰,http://cd12-ccd1-1.play.bokecc.com/flvs/606E693D99DE632E/2025-07-12/7372D293D3C9FE250498CE5AAF1F53F5-10.m3u8?t=1756304668&key=22C59AF7E2CADE9DC3AEFCFE2C8656C7&tpl=10&tpt=112
《中级职称》2025 中级总复习《经济法》 （王雅萱）——————第三讲：总复习 第二章 考点一至十_高清,http://cd12-ccd1-3.play.bokecc.com/flvs/606E693D99DE632E/2025-08-22/34C5242F57BDC1DCF3342D97BB1D6DF8-20.m3u8?t=1756304668&key=60913504A326FFECE1642D35EAF55B36&tpl=10&tpt=112
《中级职称》2025 中级总复习《经济法》 （王雅萱）——————第三讲：总复习 第二章 考点一至十_清晰,http://cd12-ccd1-3.play.bokecc.com/flvs/606E693D99DE632E/2025-08-22/34C5242F57BDC1DCF3342D97BB1D6DF8-10.m3u8?t=1756304668&key=A8130A3D3DB1C5BB140232FE04595E19&tpl=10&tpt=112
《中级职称》2025直播高频考点精讲《经济法》（一阶段） （王雅萱）——————第三十六讲：第四章 物权法律制度（九）_高清,http://cd12-ccd1-1.play.bokecc.com/flvs/606E693D99DE632E/2025-06-13/3A95E0B8BAA909DBF3342D97BB1D6DF8-20.m3u8?t=1756304668&key=57BE84BF4AF9E74D0DBFD9139764BD5A&tpl=10&tpt=112
《中级职称》2025直播高频考点精讲《经济法》（一阶段） （王雅萱）——————第三十六讲：第四章 物权法律制度（九）_清晰,http://cd12-ccd1-1.play.bokecc.com/flvs/606E693D99DE632E/2025-06-13/3A95E0B8BAA909DBF3342D97BB1D6DF8-10.m3u8?t=1756304668&key=2FAD6F0AD9859585A8AF18A07442D9D2&tpl=10&tpt=112
《中级职称》2025直播高频考点精讲《经济法》（一阶段） （王雅萱）——————第四十四讲：第五章 合同法律制度（四）_高清,http://cd12-ccd1-1.play.bokecc.com/flvs/606E693D99DE632E/2025-06-27/BEEA4243CA445943753C612EB38A8D5A-20.m3u8?t=1756304669&key=9F2F84356B5E0795D0641F6868C5E58B&tpl=10&tpt=112
《中级职称》2025直播高频考点精讲《经济法》（一阶段） （王雅萱）——————第四十四讲：第五章 合同法律制度（四）_清晰,http://cd12-ccd1-1.play.bokecc.com/flvs/606E693D99DE632E/2025-06-27/BEEA4243CA445943753C612EB38A8D5A-10.m3u8?t=1756304669&key=86056ED246CBCB9B1F79403DEC41FEAE&tpl=10&tpt=112
《中级职称》2025直播高频考点精讲《会计实务》（一阶段）（刘小英）——————第四十六讲：第十四章 政府补助（二）_高清,http://cd15-ccd1-1.play.bokecc.com/flvs/606E693D99DE632E/2025-06-22/DB2C291FD08922592BBA984E86119800-20.m3u8?t=1756304669&key=55C1306B2FE6C59634661D5D8125A0B9&tpl=10&tpt=112
《中级职称》2025直播高频考点精讲《会计实务》（一阶段）（刘小英）——————第四十六讲：第十四章 政府补助（二）_清晰,http://cd15-ccd1-1.play.bokecc.com/flvs/606E693D99DE632E/2025-06-22/DB2C291FD08922592BBA984E86119800-10.m3u8?t=1756304669&key=F4E21DAC359ED770E3C671B5F179CE20&tpl=10&tpt=112
《中级职称》2025直播高频考点精讲《会计实务》（一阶段）（刘小英）——————第九讲：第四章 无形资产（一）_高清,http://cd12-ccd1-1.play.bokecc.com/flvs/606E693D99DE632E/2025-04-16/A26B3849DEA7C0C03F35109F9F77F2A8-20.m3u8?t=1756304669&key=8F72935416965858667897D4D2DC7242&tpl=10&tpt=112
《中级职称》2025直播高频考点精讲《会计实务》（一阶段）（刘小英）——————第九讲：第四章 无形资产（一）_清晰,http://cd12-ccd1-1.play.bokecc.com/flvs/606E693D99DE632E/2025-04-16/A26B3849DEA7C0C03F35109F9F77F2A8-10.m3u8?t=1756304669&key=09B87F52F5A03D7238DEF2EEFF3FE5B7&tpl=10&tpt=112
《中级职称》2025直播高频考点精讲《会计实务》（一阶段）（刘小英）——————第五十七讲：第六章 长期股权投资（十）_高清,http://cd12-ccd1-3.play.bokecc.com/flvs/606E693D99DE632E/2025-07-16/BC9895E87F83E3F10498CE5AAF1F53F5-20.m3u8?t=1756304669&key=8A545A1C80BA7CB67174ECFFA0817AE6&tpl=10&tpt=112
《中级职称》2025直播高频考点精讲《会计实务》（一阶段）（刘小英）——————第五十七讲：第六章 长期股权投资（十）_清晰,http://cd12-ccd1-3.play.bokecc.com/flvs/606E693D99DE632E/2025-07-16/BC9895E87F83E3F10498CE5AAF1F53F5-10.m3u8?t=1756304669&key=A325D663C1AD33E6EC03107D77BFFE2A&tpl=10&tpt=112
《中级职称》2025直播高频考点精讲《会计实务》（一阶段）（刘小英）——————第四十七讲：第十三章 收入、第十四章_清晰,http://cd12-ccd1-1.play.bokecc.com/flvs/606E693D99DE632E/2025-06-25/2FD34CF674FA3A6D753C612EB38A8D5A-10.m3u8?t=1756304669&key=37B689AFD5955B3A0F6999FDF147A887&tpl=10&tpt=112
《中级职称》2025直播高频考点精讲《会计实务》（一阶段）（刘小英）——————第九十讲：复习讲题 第三章 固定资产_高清,http://cd15-ccd1-1.play.bokecc.com/flvs/606E693D99DE632E/2025-08-17/18BB002604C1CAA60498CE5AAF1F53F5-20.m3u8?t=1756304669&key=70934D023DD5D786455EA3630C3A1C9B&tpl=10&tpt=112
《中级职称》2025直播高频考点精讲《会计实务》（一阶段）（刘小英）——————第九十讲：复习讲题 第三章 固定资产_清晰,http://cd15-ccd1-1.play.bokecc.com/flvs/606E693D99DE632E/2025-08-17/18BB002604C1CAA60498CE5AAF1F53F5-10.m3u8?t=1756304669&key=4EDA4E1DE551A0B8A0548A7EAFD9316C&tpl=10&tpt=112
《中级职称》2025直播高频考点精讲《会计实务》（一阶段）（刘小英）——————第二十八讲：第九章 股份支付（一）_高清,http://cd15-ccd1-1.play.bokecc.com/flvs/606E693D99DE632E/2025-05-25/1ADBAAA7FE01D4FF0498CE5AAF1F53F5-20.m3u8?t=1756304669&key=12272F143F1BBC9146DD7E07893754C8&tpl=10&tpt=112
《中级职称》2025直播高频考点精讲《会计实务》（一阶段）（刘小英）——————第二十八讲：第九章 股份支付（一）_清晰,http://cd15-ccd1-1.play.bokecc.com/flvs/606E693D99DE632E/2025-05-25/1ADBAAA7FE01D4FF0498CE5AAF1F53F5-10.m3u8?t=1756304669&key=6F9ED3EC3031C82ED4887798274F29E5&tpl=10&tpt=112
《中级职称》2025直播高频考点精讲《会计实务》（一阶段）（刘小英）——————第四十一讲：第十三章 收入（五）_高清,http://cd12-ccd1-1.play.bokecc.com/flvs/606E693D99DE632E/2025-06-18/8F975817E2C89007FC9558351D509E7C-20.m3u8?t=1756304670&key=EA34D24049FF509290DCE461958F3B85&tpl=10&tpt=112
《中级职称》2025直播高频考点精讲《会计实务》（一阶段）（刘小英）——————第四十一讲：第十三章 收入（五）_清晰,http://cd12-ccd1-1.play.bokecc.com/flvs/606E693D99DE632E/2025-06-18/8F975817E2C89007FC9558351D509E7C-10.m3u8?t=1756304670&key=DDA212816CA35271956116C9132E5504&tpl=10&tpt=112
《中级职称》2025直播高频考点精讲《经济法》（一阶段） （王雅萱）——————第四十三讲：第五章 合同法律制度（三）_高清,http://cd12-ccd1-1.play.bokecc.com/flvs/606E693D99DE632E/2025-06-27/BEEA4243CA4459432BBA984E86119800-20.m3u8?t=1756304670&key=7DEE5A25D572A875105DCE6CF982B695&tpl=10&tpt=112
《中级职称》2025直播高频考点精讲《经济法》（一阶段） （王雅萱）——————第四十三讲：第五章 合同法律制度（三）_清晰,http://cd12-ccd1-1.play.bokecc.com/flvs/606E693D99DE632E/2025-06-27/BEEA4243CA4459432BBA984E86119800-10.m3u8?t=1756304670&key=C8276E80D6B185700E0C837F262BCB01&tpl=10&tpt=112
《中级职称》2025直播高频考点精讲《经济法》（一阶段） （王雅萱）——————第六讲：第一章 第二节 经济纠纷的解决_高清,http://cd15-ccd1-3.play.bokecc.com/flvs/606E693D99DE632E/2025-04-04/056023BB86E833343F35109F9F77F2A8-20.m3u8?t=1756304670&key=890E4874BAEE8F873570B62AE001267D&tpl=10&tpt=112
《中级职称》2025直播高频考点精讲《经济法》（一阶段） （王雅萱）——————第六讲：第一章 第二节 经济纠纷的解决_清晰,http://cd15-ccd1-3.play.bokecc.com/flvs/606E693D99DE632E/2025-04-04/056023BB86E833343F35109F9F77F2A8-10.m3u8?t=1756304670&key=3D0CFA278648F2395C3C1FD5208E1BCB&tpl=10&tpt=112
《中级职称》2025 中级总复习《经济法》 （王雅萱）——————第一讲：总复习 第一章 考点一至九_高清,http://cd12-ccd1-1.play.bokecc.com/flvs/606E693D99DE632E/2025-08-22/34C5242F57BDC1DC753C612EB38A8D5A-20.m3u8?t=1756304670&key=2B023341CE0C828A638ABCFBC16D37AA&tpl=10&tpt=112
《中级职称》2025 中级总复习《经济法》 （王雅萱）——————第一讲：总复习 第一章 考点一至九_清晰,http://cd12-ccd1-1.play.bokecc.com/flvs/606E693D99DE632E/2025-08-22/34C5242F57BDC1DC753C612EB38A8D5A-10.m3u8?t=1756304670&key=7C9C0F0C6CADB8093DC5E575C59DF489&tpl=10&tpt=112
《中级职称》2025直播高频考点精讲《经济法》（一阶段） （王雅萱）——————第五十四讲：第六章 金融法律制度~票据_高清,http://cd12-ccd1-1.play.bokecc.com/flvs/606E693D99DE632E/2025-07-12/0B3A59C0C2CE4A32F3342D97BB1D6DF8-20.m3u8?t=1756304670&key=9C87752C6D60902A4E2603A0E237E02D&tpl=10&tpt=112
《中级职称》2025直播高频考点精讲《经济法》（一阶段） （王雅萱）——————第五十四讲：第六章 金融法律制度~票据_清晰,http://cd12-ccd1-1.play.bokecc.com/flvs/606E693D99DE632E/2025-07-12/0B3A59C0C2CE4A32F3342D97BB1D6DF8-10.m3u8?t=1756304670&key=4A4D77FD89D0A18CB2644162DE43D229&tpl=10&tpt=112
《中级职称》2025直播高频考点精讲《会计实务》（一阶段）（刘小英）——————第六十讲：第十五章 非货币性资产交换（_高清,http://cd15-ccd1-1.play.bokecc.com/flvs/606E693D99DE632E/2025-07-20/ABD93023675CFADBF3342D97BB1D6DF8-20.m3u8?t=1756304670&key=BEB85C38073357AB517ACFFFF97F3F00&tpl=10&tpt=112
《中级职称》2025直播高频考点精讲《会计实务》（一阶段）（刘小英）——————第六十讲：第十五章 非货币性资产交换（_清晰,http://cd15-ccd1-1.play.bokecc.com/flvs/606E693D99DE632E/2025-07-20/ABD93023675CFADBF3342D97BB1D6DF8-10.m3u8?t=1756304670&key=A8E0730790C51FDA9608CF82C4D5AE9C&tpl=10&tpt=112
《中级职称》2025直播高频考点精讲《经济法》（一阶段） （王雅萱）——————第十四讲：第二章 第二节 有限责任公司_高清,http://cd15-ccd1-1.play.bokecc.com/flvs/606E693D99DE632E/2025-04-19/57B41DDE86BA0C9C2BBA984E86119800-20.m3u8?t=1756304671&key=98746639750954A76E07032C3579CA04&tpl=10&tpt=112
《中级职称》2025直播高频考点精讲《经济法》（一阶段） （王雅萱）——————第十四讲：第二章 第二节 有限责任公司_清晰,http://cd15-ccd1-1.play.bokecc.com/flvs/606E693D99DE632E/2025-04-19/57B41DDE86BA0C9C2BBA984E86119800-10.m3u8?t=1756304671&key=C95B5EB58C44B6A5AFE78D435FE02B89&tpl=10&tpt=112
《中级职称》2025直播高频考点精讲《经济法》（一阶段） （王雅萱）——————第十二讲：第二章 第二节 有限责任公司_高清,http://cd15-ccd1-1.play.bokecc.com/flvs/606E693D99DE632E/2025-04-18/C4348E431C7BACDF753C612EB38A8D5A-20.m3u8?t=1756304671&key=DD7ADE9483F77A6DEB07CD7ECE17B035&tpl=10&tpt=112
《中级职称》2025直播高频考点精讲《经济法》（一阶段） （王雅萱）——————第十二讲：第二章 第二节 有限责任公司_清晰,http://cd15-ccd1-1.play.bokecc.com/flvs/606E693D99DE632E/2025-04-18/C4348E431C7BACDF753C612EB38A8D5A-10.m3u8?t=1756304671&key=97265E98A355AB0AC54A9747D2985574&tpl=10&tpt=112
《中级职称》2025直播高频考点精讲《经济法》（一阶段） （王雅萱）——————第九讲：第二章 第一节 公司法律制度概_清晰,http://cd12-ccd1-1.play.bokecc.com/flvs/606E693D99DE632E/2025-04-12/7B735A59F407979A2BBA984E86119800-10.m3u8?t=1756304671&key=098D57DE00DFF094F9320BB7B4729B3F&tpl=10&tpt=112
《中级职称》2025直播高频考点精讲《会计实务》（一阶段）（刘小英）——————第三十七讲：第十三章 收入（一）_高清,http://cd12-ccd1-1.play.bokecc.com/flvs/606E693D99DE632E/2025-06-15/B219A40FED43429213358DE27D943A99-20.m3u8?t=1756304671&key=5411CB3789FEB8AC2F82150C1589C37A&tpl=10&tpt=112
《中级职称》2025直播高频考点精讲《会计实务》（一阶段）（刘小英）——————第三十七讲：第十三章 收入（一）_清晰,http://cd12-ccd1-1.play.bokecc.com/flvs/606E693D99DE632E/2025-06-15/B219A40FED43429213358DE27D943A99-10.m3u8?t=1756304671&key=7A96561B4F8B3D78E594A917E86A472B&tpl=10&tpt=112
《中级职称》2025直播高频考点精讲《会计实务》（一阶段）（刘小英）——————第四十三讲：第十三章 收入（七）_高清,http://cd12-ccd1-1.play.bokecc.com/flvs/606E693D99DE632E/2025-06-21/717BC9C513AA7B5E7E6C9CEE8B422289-20.m3u8?t=1756304671&key=3210F72500D73162987DA7AB9FAC3E44&tpl=10&tpt=112
《中级职称》2025直播高频考点精讲《会计实务》（一阶段）（刘小英）——————第四十三讲：第十三章 收入（七）_清晰,http://cd12-ccd1-1.play.bokecc.com/flvs/606E693D99DE632E/2025-06-21/717BC9C513AA7B5E7E6C9CEE8B422289-10.m3u8?t=1756304671&key=DE6987F3BBA5DC9409E3BD01FC1B3D14&tpl=10&tpt=112
《中级职称》2025直播高频考点精讲《会计实务》（一阶段）（刘小英）——————第五十九讲：第十五章 非货币性资产交换_高清,http://cd12-ccd1-3.play.bokecc.com/flvs/606E693D99DE632E/2025-07-20/ABD93023675CFADB63835A29B2A11961-20.m3u8?t=1756304671&key=7EA7F90D986F5D10E762DCE90C6C0742&tpl=10&tpt=112
《中级职称》2025直播高频考点精讲《会计实务》（一阶段）（刘小英）——————第五十九讲：第十五章 非货币性资产交换_清晰,http://cd12-ccd1-3.play.bokecc.com/flvs/606E693D99DE632E/2025-07-20/ABD93023675CFADB63835A29B2A11961-10.m3u8?t=1756304671&key=BC4E1AD1D53383881670789958A22AB5&tpl=10&tpt=112
《中级职称》2025直播高频考点精讲《会计实务》（一阶段）（刘小英）——————第六十八讲：第十七章 所得税（三）_高清,http://cd12-ccd1-3.play.bokecc.com/flvs/606E693D99DE632E/2025-07-27/A9B74B9B7589D07CB463AB73BD4C026B-20.m3u8?t=1756304672&key=9DF8AA139762B44B8EAF78547EBB8614&tpl=10&tpt=112
《中级职称》2025直播高频考点精讲《会计实务》（一阶段）（刘小英）——————第六十八讲：第十七章 所得税（三）_清晰,http://cd12-ccd1-3.play.bokecc.com/flvs/606E693D99DE632E/2025-07-27/A9B74B9B7589D07CB463AB73BD4C026B-10.m3u8?t=1756304672&key=E25323B3CD2DE33662FA65288C90FA3C&tpl=10&tpt=112
《中级职称》2025直播高频考点精讲《经济法》（一阶段） （王雅萱）——————第五讲：第一章 第二节 经济纠纷的解决_高清,http://cd12-ccd1-3.play.bokecc.com/flvs/606E693D99DE632E/2025-04-04/056023BB86E83334F3342D97BB1D6DF8-20.m3u8?t=1756304672&key=2536E7EB797204E72FD9F9E83920CC03&tpl=10&tpt=112
《中级职称》2025直播高频考点精讲《经济法》（一阶段） （王雅萱）——————第五讲：第一章 第二节 经济纠纷的解决_清晰,http://cd12-ccd1-3.play.bokecc.com/flvs/606E693D99DE632E/2025-04-04/056023BB86E83334F3342D97BB1D6DF8-10.m3u8?t=1756304672&key=80274EE88E2DDE7E65143A3BEC5B22E9&tpl=10&tpt=112
《中级职称》2025直播高频考点精讲《会计实务》（一阶段）（刘小英）——————第十六讲：第五章 投资性房地产（六）、_高清,http://cd15-ccd1-1.play.bokecc.com/flvs/606E693D99DE632E/2025-04-27/B03EBD0147F10D85F3342D97BB1D6DF8-20.m3u8?t=1756304672&key=212420E654487020AE471A4649E5D0DA&tpl=10&tpt=112
《中级职称》2025直播高频考点精讲《会计实务》（一阶段）（刘小英）——————第十六讲：第五章 投资性房地产（六）、_清晰,http://cd15-ccd1-1.play.bokecc.com/flvs/606E693D99DE632E/2025-04-27/B03EBD0147F10D85F3342D97BB1D6DF8-10.m3u8?t=1756304672&key=61155325C6477E450E67D96416AB7812&tpl=10&tpt=112
《中级职称》2025直播高频考点精讲《会计实务》（一阶段）（刘小英）——————第三十讲：第十章 股份支付（三）_高清,http://cd15-ccd1-1.play.bokecc.com/flvs/606E693D99DE632E/2025-05-28/C016D2B3E91CCD340498CE5AAF1F53F5-20.m3u8?t=1756304672&key=BAC88464F2E161056D21A5C1FFDF2145&tpl=10&tpt=112
《中级职称》2025直播高频考点精讲《会计实务》（一阶段）（刘小英）——————第三十讲：第十章 股份支付（三）_清晰,http://cd15-ccd1-1.play.bokecc.com/flvs/606E693D99DE632E/2025-05-28/C016D2B3E91CCD340498CE5AAF1F53F5-10.m3u8?t=1756304672&key=D2F1CBC11EEB42210E214399D201F1A8&tpl=10&tpt=112
《中级职称》2025直播高频考点精讲《经济法》（一阶段） （王雅萱）——————第二讲：第一章 第一节法律行为与代理（_清晰,http://cd12-ccd1-3.play.bokecc.com/flvs/606E693D99DE632E/2025-03-21/792DF6CB5B4099520498CE5AAF1F53F5-10.m3u8?t=1756304672&key=4D9120ED5AFC7B0BC39FD44A899E9018&tpl=10&tpt=112
《中级职称》2025直播高频考点精讲《会计实务》（一阶段）（刘小英）——————第十一讲：第四章 无形资产（三）_高清,http://cd12-ccd1-1.play.bokecc.com/flvs/606E693D99DE632E/2025-04-20/ABBD3F8BE6563C8563835A29B2A11961-20.m3u8?t=1756304672&key=DBEB7F17150EAA04298814B4C68CE4BE&tpl=10&tpt=112
《中级职称》2025直播高频考点精讲《会计实务》（一阶段）（刘小英）——————第十一讲：第四章 无形资产（三）_清晰,http://cd12-ccd1-1.play.bokecc.com/flvs/606E693D99DE632E/2025-04-20/ABBD3F8BE6563C8563835A29B2A11961-10.m3u8?t=1756304672&key=D058AF54A56E26618692852DB5867752&tpl=10&tpt=112
《中级职称》2025直播高频考点精讲《会计实务》（一阶段）（刘小英）——————第四十五讲：第十四章 政府补助（一）_高清,http://cd12-ccd1-1.play.bokecc.com/flvs/606E693D99DE632E/2025-06-22/DB2C291FD0892259753C612EB38A8D5A-20.m3u8?t=1756304673&key=0C05505CC0388D9C0CEAA7F8DAE0CFF9&tpl=10&tpt=112
《中级职称》2025直播高频考点精讲《会计实务》（一阶段）（刘小英）——————第四十五讲：第十四章 政府补助（一）_清晰,http://cd12-ccd1-1.play.bokecc.com/flvs/606E693D99DE632E/2025-06-22/DB2C291FD0892259753C612EB38A8D5A-10.m3u8?t=1756304673&key=309480342711C91A06C26F518F27A2DC&tpl=10&tpt=112
《中级职称》2025直播高频考点精讲《经济法》（一阶段） （王雅萱）——————第十七讲：第二章 第三节 股份有限公司_高清,http://cd12-ccd1-1.play.bokecc.com/flvs/606E693D99DE632E/2025-04-26/CF3049B17C573367F3342D97BB1D6DF8-20.m3u8?t=1756304673&key=2F7FC68AEDAF847B2AFA146E983F4E23&tpl=10&tpt=112
《中级职称》2025直播高频考点精讲《经济法》（一阶段） （王雅萱）——————第十七讲：第二章 第三节 股份有限公司_清晰,http://cd12-ccd1-1.play.bokecc.com/flvs/606E693D99DE632E/2025-04-26/CF3049B17C573367F3342D97BB1D6DF8-10.m3u8?t=1756304673&key=559EE2AF6BA4C94EE6B6303E21DD4391&tpl=10&tpt=112
《中级职称》2025直播高频考点精讲《会计实务》（一阶段）（刘小英）——————第五讲：第三章 固定资产（二）_高清,http://cd12-ccd1-3.play.bokecc.com/flvs/606E693D99DE632E/2025-04-09/CBCD0D67F94D55ED0498CE5AAF1F53F5-20.m3u8?t=1756304673&key=6E9714F6F12C416168D13D55FE4925F9&tpl=10&tpt=112
《中级职称》2025直播高频考点精讲《会计实务》（一阶段）（刘小英）——————第五讲：第三章 固定资产（二）_清晰,http://cd12-ccd1-3.play.bokecc.com/flvs/606E693D99DE632E/2025-04-09/CBCD0D67F94D55ED0498CE5AAF1F53F5-10.m3u8?t=1756304673&key=59B6611CEADD4489579FDE4023F29873&tpl=10&tpt=112
《中级职称》2025直播高频考点精讲《会计实务》（一阶段）（刘小英）——————第六十七讲：第十七章 所得税（二）_高清,http://cd12-ccd1-1.play.bokecc.com/flvs/606E693D99DE632E/2025-07-26/AFF5C57FB805914963835A29B2A11961-20.m3u8?t=1756304673&key=FB05EB7F25E7A00F60A54A161F1BCF28&tpl=10&tpt=112
《中级职称》2025直播高频考点精讲《会计实务》（一阶段）（刘小英）——————第六十七讲：第十七章 所得税（二）_清晰,http://cd12-ccd1-1.play.bokecc.com/flvs/606E693D99DE632E/2025-07-26/AFF5C57FB805914963835A29B2A11961-10.m3u8?t=1756304673&key=2053D3A73A64CEDE90C924628BC1EBEF&tpl=10&tpt=112
《中级职称》2025直播高频考点精讲《会计实务》（一阶段）（刘小英）——————第一讲：第一章 总论_高清,http://cd15-ccd1-3.play.bokecc.com/flvs/606E693D99DE632E/2025-03-23/92035332FBF64FD02BBA984E86119800-20.m3u8?t=1756304673&key=D51A4C0BEA045563791BAF6BE34C409B&tpl=10&tpt=112
《中级职称》2025直播高频考点精讲《会计实务》（一阶段）（刘小英）——————第一讲：第一章 总论_清晰,http://cd15-ccd1-3.play.bokecc.com/flvs/606E693D99DE632E/2025-03-23/92035332FBF64FD02BBA984E86119800-10.m3u8?t=1756304673&key=A0D8CF87E1AF1E46836138B6B5E284EC&tpl=10&tpt=112
《中级职称》2025直播高频考点精讲《会计实务》（一阶段）（刘小英）——————第二讲：第二章 存货（一）_高清,http://cd12-ccd1-3.play.bokecc.com/flvs/606E693D99DE632E/2025-03-23/64EA613C8910AAEDFC9558351D509E7C-20.m3u8?t=1756304673&key=905E5B4F2CDF0644AB6F48381F61D940&tpl=10&tpt=112
《中级职称》2025直播高频考点精讲《会计实务》（一阶段）（刘小英）——————第二讲：第二章 存货（一）_清晰,http://cd12-ccd1-3.play.bokecc.com/flvs/606E693D99DE632E/2025-03-23/64EA613C8910AAEDFC9558351D509E7C-10.m3u8?t=1756304673&key=4D709ED0C993858D50CBC29F5AA78E7E&tpl=10&tpt=112
《中级职称》2025 中级七套题《经济法》（王雅萱）——————第一讲：第一套 客观题（单选、多选）_高清,http://cd12-ccd1-3.play.bokecc.com/flvs/606E693D99DE632E/2025-08-09/33770E98B262E10B753C612EB38A8D5A-20.m3u8?t=1756304673&key=6F7AFC73BF5B467138DAC51FF4614513&tpl=10&tpt=112
《中级职称》2025 中级七套题《经济法》（王雅萱）——————第一讲：第一套 客观题（单选、多选）_清晰,http://cd12-ccd1-3.play.bokecc.com/flvs/606E693D99DE632E/2025-08-09/33770E98B262E10B753C612EB38A8D5A-10.m3u8?t=1756304673&key=06D729AFAC8A9C7C4F90F3E4CC816360&tpl=10&tpt=112
《中级职称》2025 中级七套题《经济法》（王雅萱）——————第十讲：第五套 主观题（简答、综合）_清晰,http://cd12-ccd1-3.play.bokecc.com/flvs/606E693D99DE632E/2025-08-23/880183266CBBA37A63835A29B2A11961-10.m3u8?t=1756304674&key=96C67F0F26540579244D8CF18687A564&tpl=10&tpt=112
《中级职称》2025直播高频考点精讲《会计实务》（一阶段）（刘小英）——————第八十八讲：复习讲题 第二十一章 合并_高清,http://cd12-ccd1-3.play.bokecc.com/flvs/606E693D99DE632E/2025-08-16/88461CEF64F5C4EC753C612EB38A8D5A-20.m3u8?t=1756304674&key=8390CC6892BCEA4C6D03C4D23D85EDE0&tpl=10&tpt=112
《中级职称》2025直播高频考点精讲《会计实务》（一阶段）（刘小英）——————第八十八讲：复习讲题 第二十一章 合并_清晰,http://cd12-ccd1-3.play.bokecc.com/flvs/606E693D99DE632E/2025-08-16/88461CEF64F5C4EC753C612EB38A8D5A-10.m3u8?t=1756304674&key=3F49B7C58B17B8ABBE1911A68A4137B6&tpl=10&tpt=112
《中级职称》2025直播高频考点精讲《经济法》（一阶段） （王雅萱）——————第一讲：第一章 第一节法律行为与代理(_清晰,http://cd15-ccd1-3.play.bokecc.com/flvs/606E693D99DE632E/2025-03-21/792DF6CB5B4099527E6C9CEE8B422289-10.m3u8?t=1756304674&key=7229AAFC96C80D4349BE3F58DF0F794F&tpl=10&tpt=112
《中级职称》2025直播高频考点精讲《经济法》（一阶段） （王雅萱）——————第三十七讲：第四章 物权法律制度（十）_高清,http://cd12-ccd1-1.play.bokecc.com/flvs/606E693D99DE632E/2025-06-14/17C123D1255AD8DB753C612EB38A8D5A-20.m3u8?t=1756304674&key=10B3B373DA5969AD9D3E896EB463CFAC&tpl=10&tpt=112
《中级职称》2025直播高频考点精讲《经济法》（一阶段） （王雅萱）——————第三十七讲：第四章 物权法律制度（十）_清晰,http://cd12-ccd1-1.play.bokecc.com/flvs/606E693D99DE632E/2025-06-14/17C123D1255AD8DB753C612EB38A8D5A-10.m3u8?t=1756304674&key=1AAC263D24390C5E76DD516FCE561643&tpl=10&tpt=112
《中级职称》2025直播高频考点精讲《经济法》（一阶段） （王雅萱）——————第五十七讲：第六章 金融法律制度~票据_高清,http://cd12-ccd1-3.play.bokecc.com/flvs/606E693D99DE632E/2025-07-19/76DA53C4C57FD31613358DE27D943A99-20.m3u8?t=1756304674&key=D93A46CF925DFF3F31C32C70AC21D9D9&tpl=10&tpt=112
《中级职称》2025直播高频考点精讲《经济法》（一阶段） （王雅萱）——————第五十七讲：第六章 金融法律制度~票据_清晰,http://cd12-ccd1-3.play.bokecc.com/flvs/606E693D99DE632E/2025-07-19/76DA53C4C57FD31613358DE27D943A99-10.m3u8?t=1756304674&key=FEDEA990D7C8AED350191656DE889E45&tpl=10&tpt=112
《中级职称》2025 中级七套题《会计实务》 （刘小英）——————第二讲：第一套（二）_高清,http://cd12-ccd1-3.play.bokecc.com/flvs/606E693D99DE632E/2025-08-24/0E0E640BDE28CE9463835A29B2A11961-20.m3u8?t=1756304674&key=46463CB03FAF19BE22A9F2BB5D545F96&tpl=10&tpt=112
《中级职称》2025 中级七套题《会计实务》 （刘小英）——————第二讲：第一套（二）_清晰,http://cd12-ccd1-3.play.bokecc.com/flvs/606E693D99DE632E/2025-08-24/0E0E640BDE28CE9463835A29B2A11961-10.m3u8?t=1756304674&key=ACF73373E51D21AA54CCFD739C959314&tpl=10&tpt=112
《中级职称》2025直播高频考点精讲《会计实务》（一阶段）（刘小英）——————第二十七讲：第九章 职工薪酬_高清,http://cd12-ccd1-1.play.bokecc.com/flvs/606E693D99DE632E/2025-05-25/1ADBAAA7FE01D4FF3F35109F9F77F2A8-20.m3u8?t=1756304674&key=4A664A8535421202417EBE2DED205D0A&tpl=10&tpt=112
《中级职称》2025直播高频考点精讲《会计实务》（一阶段）（刘小英）——————第二十七讲：第九章 职工薪酬_清晰,http://cd12-ccd1-1.play.bokecc.com/flvs/606E693D99DE632E/2025-05-25/1ADBAAA7FE01D4FF3F35109F9F77F2A8-10.m3u8?t=1756304674&key=A74D498F4B83071B7081AB89217DCDB4&tpl=10&tpt=112
《中级职称》2025直播高频考点精讲《经济法》（一阶段） （王雅萱）——————第三十讲：第四章 物权法律制度（三）_清晰,http://cd12-ccd1-1.play.bokecc.com/flvs/606E693D99DE632E/2025-05-24/0CA36D9EA3D91C717E6C9CEE8B422289-10.m3u8?t=1756304675&key=08701A841B3E7D79AA08428AC2364E77&tpl=10&tpt=112
《中级职称》2025直播高频考点精讲《经济法》（一阶段） （王雅萱）——————第三十四讲：第四章 物权法律制度（七）_高清,http://cd12-ccd1-1.play.bokecc.com/flvs/606E693D99DE632E/2025-06-07/516660140F8EFAE4B463AB73BD4C026B-20.m3u8?t=1756304675&key=A6740B0EADEC446A5DA058271C1CDB4B&tpl=10&tpt=112
《中级职称》2025直播高频考点精讲《经济法》（一阶段） （王雅萱）——————第三十四讲：第四章 物权法律制度（七）_清晰,http://cd12-ccd1-1.play.bokecc.com/flvs/606E693D99DE632E/2025-06-07/516660140F8EFAE4B463AB73BD4C026B-10.m3u8?t=1756304675&key=9FB47615621E775D983DEB652600B797&tpl=10&tpt=112
《中级职称》2025 中级总复习《经济法》 （王雅萱）——————第四讲：总复习 第二章 考点十一至十八_高清,http://cd12-ccd1-1.play.bokecc.com/flvs/606E693D99DE632E/2025-08-25/23A5236298F199493F35109F9F77F2A8-20.m3u8?t=1756304675&key=376B0F8C6BC5B4F5AE3A18D6EFF6316C&tpl=10&tpt=112
《中级职称》2025 中级总复习《经济法》 （王雅萱）——————第四讲：总复习 第二章 考点十一至十八_清晰,http://cd12-ccd1-1.play.bokecc.com/flvs/606E693D99DE632E/2025-08-25/23A5236298F199493F35109F9F77F2A8-10.m3u8?t=1756304675&key=703DD19B51C4452659EC38E32DCF28BC&tpl=10&tpt=112
《中级职称》2025直播高频考点精讲《会计实务》（一阶段）（刘小英）——————第五十六讲：第六章 长期股权投资（九）_高清,http://cd12-ccd1-1.play.bokecc.com/flvs/606E693D99DE632E/2025-07-13/A5C79DCF954BD7A313358DE27D943A99-20.m3u8?t=1756304675&key=7B051AFC88C665FEF5873B9FB9606558&tpl=10&tpt=112
《中级职称》2025直播高频考点精讲《会计实务》（一阶段）（刘小英）——————第五十六讲：第六章 长期股权投资（九）_清晰,http://cd12-ccd1-1.play.bokecc.com/flvs/606E693D99DE632E/2025-07-13/A5C79DCF954BD7A313358DE27D943A99-10.m3u8?t=1756304675&key=59D9D9B374E8424BCDAD65C4183F4959&tpl=10&tpt=112
《中级职称》2025 中级七套题《会计实务》 （刘小英）——————第三讲：第二套（一）_高清,http://cd12-ccd1-1.play.bokecc.com/flvs/606E693D99DE632E/2025-08-27/FBDE37FFFE4046C9FC9558351D509E7C-20.m3u8?t=1756304675&key=31ECEEAED9BEE15B8AD7AF6CA3ABDBF4&tpl=10&tpt=112
《中级职称》2025 中级七套题《会计实务》 （刘小英）——————第三讲：第二套（一）_清晰,http://cd12-ccd1-1.play.bokecc.com/flvs/606E693D99DE632E/2025-08-27/FBDE37FFFE4046C9FC9558351D509E7C-10.m3u8?t=1756304675&key=17EF588AB76E62438A5A092CF757E77C&tpl=10&tpt=112
《中级职称》2025直播高频考点精讲《会计实务》（一阶段）（刘小英）——————第七十八讲：第二十章 持有待售（二）_高清,http://cd12-ccd1-3.play.bokecc.com/flvs/606E693D99DE632E/2025-08-06/CD468FAEA2185B002BBA984E86119800-20.m3u8?t=1756304675&key=15D698A8A3A182D894BB130E96163F9E&tpl=10&tpt=112
《中级职称》2025直播高频考点精讲《会计实务》（一阶段）（刘小英）——————第七十八讲：第二十章 持有待售（二）_清晰,http://cd12-ccd1-3.play.bokecc.com/flvs/606E693D99DE632E/2025-08-06/CD468FAEA2185B002BBA984E86119800-10.m3u8?t=1756304675&key=DCF1B40C155930B173E319DDDA093C94&tpl=10&tpt=112
《中级职称》2025直播高频考点精讲《经济法》（一阶段） （王雅萱）——————第十六讲：第二章 第二节 有限责任公司_高清,http://cd15-ccd1-1.play.bokecc.com/flvs/606E693D99DE632E/2025-04-25/A24BC44025E23AA063835A29B2A11961-20.m3u8?t=1756304675&key=170736C406E2B8A11C2693445F1FCEF7&tpl=10&tpt=112
《中级职称》2025直播高频考点精讲《经济法》（一阶段） （王雅萱）——————第十六讲：第二章 第二节 有限责任公司_清晰,http://cd15-ccd1-1.play.bokecc.com/flvs/606E693D99DE632E/2025-04-25/A24BC44025E23AA063835A29B2A11961-10.m3u8?t=1756304675&key=A81ECA885C3D067F534464203E33961D&tpl=10&tpt=112
《中级职称》2025直播高频考点精讲《会计实务》（一阶段）（刘小英）——————第五十讲：第六章 长期股权投资（三）_高清,http://cd15-ccd1-1.play.bokecc.com/flvs/606E693D99DE632E/2025-06-28/8BAF2419899992593F35109F9F77F2A8-20.m3u8?t=1756304676&key=C92A76EAC16888F16B0BE567F4CD7674&tpl=10&tpt=112
《中级职称》2025直播高频考点精讲《会计实务》（一阶段）（刘小英）——————第五十讲：第六章 长期股权投资（三）_清晰,http://cd15-ccd1-1.play.bokecc.com/flvs/606E693D99DE632E/2025-06-28/8BAF2419899992593F35109F9F77F2A8-10.m3u8?t=1756304676&key=0572CC973D7726553AA555F2BB677D8B&tpl=10&tpt=112
《中级职称》2025直播高频考点精讲《会计实务》（一阶段）（刘小英）——————第七十四讲：第十九章 租赁（二）_高清,http://cd15-ccd1-1.play.bokecc.com/flvs/606E693D99DE632E/2025-08-03/3D4B3AC9584BEC85753C612EB38A8D5A-20.m3u8?t=1756304676&key=774EFE5E14B4ED0033586277BBDD8CBE&tpl=10&tpt=112
《中级职称》2025直播高频考点精讲《会计实务》（一阶段）（刘小英）——————第七十四讲：第十九章 租赁（二）_清晰,http://cd15-ccd1-1.play.bokecc.com/flvs/606E693D99DE632E/2025-08-03/3D4B3AC9584BEC85753C612EB38A8D5A-10.m3u8?t=1756304676&key=1104ABF115ADDC5154D1C1697A1DC435&tpl=10&tpt=112
《中级职称》2025直播高频考点精讲《会计实务》（一阶段）（刘小英）——————第六十六讲：第十七章 所得税（一）_高清,http://cd12-ccd1-1.play.bokecc.com/flvs/606E693D99DE632E/2025-07-26/280D6279E16348B52BBA984E86119800-20.m3u8?t=1756304676&key=E92DF5CE32759A03A349EF12705DCCAC&tpl=10&tpt=112
《中级职称》2025直播高频考点精讲《会计实务》（一阶段）（刘小英）——————第六十六讲：第十七章 所得税（一）_清晰,http://cd12-ccd1-1.play.bokecc.com/flvs/606E693D99DE632E/2025-07-26/280D6279E16348B52BBA984E86119800-10.m3u8?t=1756304676&key=842CEA14CF894C63B3E8FEF91FE72F2F&tpl=10&tpt=112
《中级职称》2025直播高频考点精讲《会计实务》（一阶段）（刘小英）——————第三讲：第二章 存货（二）_清晰,http://cd15-ccd1-3.play.bokecc.com/flvs/606E693D99DE632E/2025-03-30/C068BAF0512833FD13358DE27D943A99-10.m3u8?t=1756304676&key=71A97583EE72574641BB55E43E29975B&tpl=10&tpt=112
《中级职称》2025直播高频考点精讲《会计实务》（一阶段）（刘小英）——————第八十一讲：第二十章 企业合并与合并报_高清,http://cd12-ccd1-3.play.bokecc.com/flvs/606E693D99DE632E/2025-08-08/F7911D2934963EBBFC9558351D509E7C-20.m3u8?t=1756304676&key=BB86B2478716E7FAA657230C1EAE9BC1&tpl=10&tpt=112
《中级职称》2025直播高频考点精讲《会计实务》（一阶段）（刘小英）——————第八十一讲：第二十章 企业合并与合并报_清晰,http://cd12-ccd1-3.play.bokecc.com/flvs/606E693D99DE632E/2025-08-08/F7911D2934963EBBFC9558351D509E7C-10.m3u8?t=1756304676&key=C89935803A61B80BA3AD7D68928FB888&tpl=10&tpt=112
《中级职称》2025直播高频考点精讲《经济法》（一阶段） （王雅萱）——————第二十九讲：第四章 物权法律制度（二）_清晰,http://cd12-ccd1-1.play.bokecc.com/flvs/606E693D99DE632E/2025-05-24/0CA36D9EA3D91C710498CE5AAF1F53F5-10.m3u8?t=1756304676&key=ECD0948F709E3AE8B855908807B6D596&tpl=10&tpt=112
《中级职称》2025直播高频考点精讲《会计实务》（一阶段）（刘小英）——————第七十一讲：第十七章 所得税（六）_高清,http://cd15-ccd1-3.play.bokecc.com/flvs/606E693D99DE632E/2025-07-27/97AD1AECDD1A0E60FC9558351D509E7C-20.m3u8?t=1756304677&key=9DAD6A20897C9B37F3FB0947FDE3F312&tpl=10&tpt=112
《中级职称》2025直播高频考点精讲《会计实务》（一阶段）（刘小英）——————第七十一讲：第十七章 所得税（六）_清晰,http://cd15-ccd1-3.play.bokecc.com/flvs/606E693D99DE632E/2025-07-27/97AD1AECDD1A0E60FC9558351D509E7C-10.m3u8?t=1756304677&key=832993B36A10B294A6364363323C87E9&tpl=10&tpt=112
《中级职称》2025直播高频考点精讲《会计实务》（一阶段）（刘小英）——————第八十五讲：第二十二章 会计政策、估计_高清,http://cd12-ccd1-3.play.bokecc.com/flvs/606E693D99DE632E/2025-08-10/029EE2B31FE9C1C0F3342D97BB1D6DF8-20.m3u8?t=1756304677&key=B4EE1781E65FA5D890B11490F5A89976&tpl=10&tpt=112
《中级职称》2025直播高频考点精讲《会计实务》（一阶段）（刘小英）——————第八十五讲：第二十二章 会计政策、估计_清晰,http://cd12-ccd1-3.play.bokecc.com/flvs/606E693D99DE632E/2025-08-10/029EE2B31FE9C1C0F3342D97BB1D6DF8-10.m3u8?t=1756304677&key=23F2CC8F1497FB6008A49FFD04B4266C&tpl=10&tpt=112
《中级职称》2025 中级七套题《会计实务》 （刘小英）——————第一讲：第一套（一）_高清,http://cd12-ccd1-3.play.bokecc.com/flvs/606E693D99DE632E/2025-08-24/0E0E640BDE28CE94F3342D97BB1D6DF8-20.m3u8?t=1756304677&key=44EA6C02C84C77BC958B32436526010D&tpl=10&tpt=112
《中级职称》2025 中级七套题《会计实务》 （刘小英）——————第一讲：第一套（一）_清晰,http://cd12-ccd1-3.play.bokecc.com/flvs/606E693D99DE632E/2025-08-24/0E0E640BDE28CE94F3342D97BB1D6DF8-10.m3u8?t=1756304677&key=E0CE59E67E55CF79B616280DC768BB12&tpl=10&tpt=112
《中级职称》2025 中级七套题《经济法》（王雅萱）——————第三讲：第二套 客观题（单选、多选）_高清,http://cd12-ccd1-1.play.bokecc.com/flvs/606E693D99DE632E/2025-08-22/9B76AB069D41CBA50498CE5AAF1F53F5-20.m3u8?t=1756304677&key=211A0FD1B7EEA199C34D15374C0FE7D6&tpl=10&tpt=112
《中级职称》2025 中级七套题《经济法》（王雅萱）——————第三讲：第二套 客观题（单选、多选）_清晰,http://cd12-ccd1-1.play.bokecc.com/flvs/606E693D99DE632E/2025-08-22/9B76AB069D41CBA50498CE5AAF1F53F5-10.m3u8?t=1756304677&key=E6FCBE3EBC2B93BB35B4BB097D3D8ED3&tpl=10&tpt=112
《中级职称》2025直播高频考点精讲《经济法》（一阶段） （王雅萱）——————第六十五讲：第七章 财政法律制度（三）_高清,http://cd15-ccd1-3.play.bokecc.com/flvs/606E693D99DE632E/2025-08-02/756C1532850470DAB463AB73BD4C026B-20.m3u8?t=1756304677&key=B2E701103B3104D9BD7B8C0312798543&tpl=10&tpt=112
《中级职称》2025直播高频考点精讲《经济法》（一阶段） （王雅萱）——————第六十五讲：第七章 财政法律制度（三）_清晰,http://cd15-ccd1-3.play.bokecc.com/flvs/606E693D99DE632E/2025-08-02/756C1532850470DAB463AB73BD4C026B-10.m3u8?t=1756304677&key=E985BB064D913748AC791D8E93BCC40D&tpl=10&tpt=112
《中级职称》2025直播高频考点精讲《会计实务》（一阶段）（刘小英）——————第九十三讲：复习讲题 第二十章 持有待_高清,http://cd15-ccd1-3.play.bokecc.com/flvs/606E693D99DE632E/2025-08-17/1098FB3E4A5C545D3F35109F9F77F2A8-20.m3u8?t=1756304677&key=C028216B251F7D0C352B408257413D94&tpl=10&tpt=112
《中级职称》2025直播高频考点精讲《会计实务》（一阶段）（刘小英）——————第九十三讲：复习讲题 第二十章 持有待_清晰,http://cd15-ccd1-3.play.bokecc.com/flvs/606E693D99DE632E/2025-08-17/1098FB3E4A5C545D3F35109F9F77F2A8-10.m3u8?t=1756304677&key=F87A215655B3CDD0D7D9FC366A8173D7&tpl=10&tpt=112
《中级职称》2025直播高频考点精讲《会计实务》（一阶段）（刘小英）——————第八十七讲：第二十三章 资产负债表日后_清晰,http://cd15-ccd1-3.play.bokecc.com/flvs/606E693D99DE632E/2025-08-13/BC155A2755CDED69B463AB73BD4C026B-10.m3u8?t=1756304677&key=63E66A239CF0D7C4195ECC34FE89728B&tpl=10&tpt=112
《中级职称》2025 中级七套题《会计实务》 （刘小英）——————第四讲：第二套（二）_高清,http://cd12-ccd1-3.play.bokecc.com/flvs/606E693D99DE632E/2025-08-27/FBDE37FFFE4046C9B463AB73BD4C026B-20.m3u8?t=1756304678&key=572F045FEFEFE79C07776A6EB97B92DD&tpl=10&tpt=112
《中级职称》2025 中级七套题《会计实务》 （刘小英）——————第四讲：第二套（二）_清晰,http://cd12-ccd1-3.play.bokecc.com/flvs/606E693D99DE632E/2025-08-27/FBDE37FFFE4046C9B463AB73BD4C026B-10.m3u8?t=1756304678&key=3D81158073881F1773C9AC232E33421C&tpl=10&tpt=112
《中级职称》2025直播高频考点精讲《经济法》（一阶段） （王雅萱）——————第二十一讲：第二章 第七节 合并、分立_高清,http://cd12-ccd1-1.play.bokecc.com/flvs/606E693D99DE632E/2025-05-10/87805D7C7B6F93672BBA984E86119800-20.m3u8?t=1756304678&key=0CA69C4F6C154D8971FDB14380498E6A&tpl=10&tpt=112
《中级职称》2025直播高频考点精讲《经济法》（一阶段） （王雅萱）——————第二十一讲：第二章 第七节 合并、分立_清晰,http://cd12-ccd1-1.play.bokecc.com/flvs/606E693D99DE632E/2025-05-10/87805D7C7B6F93672BBA984E86119800-10.m3u8?t=1756304678&key=F76F17D920896744DC6999132FB00AAA&tpl=10&tpt=112
《中级职称》2025 中级七套题《经济法》（王雅萱）——————第七讲：第四套客观题（单选、多选、判断_高清,http://cd12-ccd1-1.play.bokecc.com/flvs/606E693D99DE632E/2025-08-23/2D451ADB28E2C27663835A29B2A11961-20.m3u8?t=1756304678&key=7CD6ABF94F90DBD57C57B21ABD94594A&tpl=10&tpt=112
《中级职称》2025 中级七套题《经济法》（王雅萱）——————第七讲：第四套客观题（单选、多选、判断_清晰,http://cd12-ccd1-1.play.bokecc.com/flvs/606E693D99DE632E/2025-08-23/2D451ADB28E2C27663835A29B2A11961-10.m3u8?t=1756304678&key=EEE0BFF6CBDCD7C1C8B2144D48DF64A0&tpl=10&tpt=112
《中级职称》2025直播高频考点精讲《会计实务》（一阶段）（刘小英）——————第二十三讲：第八章 金融资产和金融负债_高清,http://cd12-ccd1-1.play.bokecc.com/flvs/606E693D99DE632E/2025-05-18/5121482E6BE6821D0498CE5AAF1F53F5-20.m3u8?t=1756304678&key=6D43F1D0F3F2EB4ABF7D131D60CDEDAB&tpl=10&tpt=112
《中级职称》2025直播高频考点精讲《会计实务》（一阶段）（刘小英）——————第二十三讲：第八章 金融资产和金融负债_清晰,http://cd12-ccd1-1.play.bokecc.com/flvs/606E693D99DE632E/2025-05-18/5121482E6BE6821D0498CE5AAF1F53F5-10.m3u8?t=1756304678&key=B8D3445C4410EC0017E15249D897A146&tpl=10&tpt=112
《中级职称》2025直播高频考点精讲《经济法》（一阶段） （王雅萱）——————第十五讲：第二章 第二节 有限责任公司_高清,http://cd15-ccd1-1.play.bokecc.com/flvs/606E693D99DE632E/2025-04-25/0E89BEB0B4C6FB717E6C9CEE8B422289-20.m3u8?t=1756304678&key=3121BA6B628F2CC0155EC76FE4E6EFE7&tpl=10&tpt=112
《中级职称》2025直播高频考点精讲《经济法》（一阶段） （王雅萱）——————第十五讲：第二章 第二节 有限责任公司_清晰,http://cd15-ccd1-1.play.bokecc.com/flvs/606E693D99DE632E/2025-04-25/0E89BEB0B4C6FB717E6C9CEE8B422289-10.m3u8?t=1756304678&key=EC9336D093346ADF5FD23CBF52F8BF79&tpl=10&tpt=112
《中级职称》2025直播高频考点精讲《会计实务》（一阶段）（刘小英）——————第三十五讲：第十二章 或有事项（一）_清晰,http://cd15-ccd1-1.play.bokecc.com/flvs/606E693D99DE632E/2025-06-11/D8DE519BAC0D0A3EF3342D97BB1D6DF8-10.m3u8?t=1756304678&key=F347C18B990BFCCC551938BB27F6BE87&tpl=10&tpt=112
《中级职称》2025直播高频考点精讲《经济法》（一阶段） （王雅萱）——————第四十一讲：第五章 合同法律制度（一）_高清,http://cd12-ccd1-1.play.bokecc.com/flvs/606E693D99DE632E/2025-06-21/947C6B8D7D8094490498CE5AAF1F53F5-20.m3u8?t=1756304679&key=37241B214AC68EB819A1F30F2E994EC9&tpl=10&tpt=112
《中级职称》2025直播高频考点精讲《经济法》（一阶段） （王雅萱）——————第四十一讲：第五章 合同法律制度（一）_清晰,http://cd12-ccd1-1.play.bokecc.com/flvs/606E693D99DE632E/2025-06-21/947C6B8D7D8094490498CE5AAF1F53F5-10.m3u8?t=1756304679&key=B92D2507D2C088C648A138F62303C4F9&tpl=10&tpt=112
《中级职称》2025直播高频考点精讲《会计实务》（一阶段）（刘小英）——————第二十六讲：第八章 金融资产和金融负债_高清,http://cd12-ccd1-1.play.bokecc.com/flvs/606E693D99DE632E/2025-05-21/2B6CE1E86F3A27C0FC9558351D509E7C-20.m3u8?t=1756304679&key=F398CEFA087D8E6306148773627942F7&tpl=10&tpt=112
《中级职称》2025直播高频考点精讲《会计实务》（一阶段）（刘小英）——————第二十六讲：第八章 金融资产和金融负债_清晰,http://cd12-ccd1-1.play.bokecc.com/flvs/606E693D99DE632E/2025-05-21/2B6CE1E86F3A27C0FC9558351D509E7C-10.m3u8?t=1756304679&key=2036EED478F66C9AA64D63CC21720BAA&tpl=10&tpt=112
《中级职称》2025直播高频考点精讲《会计实务》（一阶段）（刘小英）——————第三十二讲：第十一章 借款费用（一）_清晰,http://cd12-ccd1-1.play.bokecc.com/flvs/606E693D99DE632E/2025-06-04/B2EF74E0C3E798D3B463AB73BD4C026B-10.m3u8?t=1756304679&key=CD626217AC77CB10B646948AE94FB6E4&tpl=10&tpt=112
《中级职称》2025直播高频考点精讲《会计实务》（一阶段）（刘小英）——————第四十四讲：第十三章 收入（八）_高清,http://cd12-ccd1-1.play.bokecc.com/flvs/606E693D99DE632E/2025-06-21/717BC9C513AA7B5EB463AB73BD4C026B-20.m3u8?t=1756304679&key=D9D54E1D0A584AE92AAF28A248BF92E3&tpl=10&tpt=112
《中级职称》2025直播高频考点精讲《会计实务》（一阶段）（刘小英）——————第四十四讲：第十三章 收入（八）_清晰,http://cd12-ccd1-1.play.bokecc.com/flvs/606E693D99DE632E/2025-06-21/717BC9C513AA7B5EB463AB73BD4C026B-10.m3u8?t=1756304679&key=52C76E1B4C1F3D7C3A1258D694D0C5F9&tpl=10&tpt=112
《中级职称》2025直播高频考点精讲《经济法》（一阶段） （王雅萱）——————第四讲：第一章 第一节法律行为与代理（_高清,http://cd12-ccd1-3.play.bokecc.com/flvs/606E693D99DE632E/2025-03-28/E1F07AC717C172BF13358DE27D943A99-20.m3u8?t=1756304679&key=9071588A370193CB9EF15623E068CC9B&tpl=10&tpt=112
《中级职称》2025直播高频考点精讲《经济法》（一阶段） （王雅萱）——————第四讲：第一章 第一节法律行为与代理（_清晰,http://cd12-ccd1-3.play.bokecc.com/flvs/606E693D99DE632E/2025-03-28/E1F07AC717C172BF13358DE27D943A99-10.m3u8?t=1756304679&key=C315B732AE876BC30506776DFFD23B3C&tpl=10&tpt=112
《中级职称》2025直播高频考点精讲《经济法》（一阶段） （王雅萱）——————第五十九讲：第六章 金融法律制度~证券_高清,http://cd12-ccd1-3.play.bokecc.com/flvs/606E693D99DE632E/2025-07-25/FF246C1F17A5FCA563835A29B2A11961-20.m3u8?t=1756304679&key=49E9EEE1434FA20CB877B4785A9E3228&tpl=10&tpt=112
《中级职称》2025直播高频考点精讲《经济法》（一阶段） （王雅萱）——————第五十九讲：第六章 金融法律制度~证券_清晰,http://cd12-ccd1-3.play.bokecc.com/flvs/606E693D99DE632E/2025-07-25/FF246C1F17A5FCA563835A29B2A11961-10.m3u8?t=1756304679&key=3A9DFF9DB6223FC5672E57754D46FF84&tpl=10&tpt=112
《中级职称》2025直播高频考点精讲《会计实务》（一阶段）（刘小英）——————第八十三讲：第二十一章 企业合并与合并_高清,http://cd15-ccd1-3.play.bokecc.com/flvs/606E693D99DE632E/2025-08-09/6689ED9FC7CA6A34753C612EB38A8D5A-20.m3u8?t=1756304679&key=34E7327C881E91974C1904C727CE65A5&tpl=10&tpt=112
《中级职称》2025直播高频考点精讲《会计实务》（一阶段）（刘小英）——————第八十三讲：第二十一章 企业合并与合并_清晰,http://cd15-ccd1-3.play.bokecc.com/flvs/606E693D99DE632E/2025-08-09/6689ED9FC7CA6A34753C612EB38A8D5A-10.m3u8?t=1756304679&key=94283CCF563B1054C81CDCEEAE1B683B&tpl=10&tpt=112
《中级职称》2025直播高频考点精讲《经济法》（一阶段） （王雅萱）——————第二十五讲：第三章 合伙企业法（四）_清晰,http://cd12-ccd1-1.play.bokecc.com/flvs/606E693D99DE632E/2025-05-17/E20E186353C09D472BBA984E86119800-10.m3u8?t=1756304680&key=6682949EF90EDAB1F4FCAD2C700BAA7A&tpl=10&tpt=112
《中级职称》2025直播高频考点精讲《经济法》（一阶段） （王雅萱）——————第十八讲：第二章 第三节 股份有限公司_高清,http://cd12-ccd1-1.play.bokecc.com/flvs/606E693D99DE632E/2025-04-26/CF3049B17C5733673F35109F9F77F2A8-20.m3u8?t=1756304680&key=04CA812424F80A3EF106E2D6AFC65FF4&tpl=10&tpt=112
《中级职称》2025直播高频考点精讲《经济法》（一阶段） （王雅萱）——————第十八讲：第二章 第三节 股份有限公司_清晰,http://cd12-ccd1-1.play.bokecc.com/flvs/606E693D99DE632E/2025-04-26/CF3049B17C5733673F35109F9F77F2A8-10.m3u8?t=1756304680&key=5A373FA7244986DEFD0ED4B4CF846A5D&tpl=10&tpt=112
《中级职称》2025 中级七套题《经济法》（王雅萱）——————第六讲：第三套 主观题（简答题）_高清,http://cd12-ccd1-3.play.bokecc.com/flvs/606E693D99DE632E/2025-08-23/4347E414FDF4AD15FC9558351D509E7C-20.m3u8?t=1756304680&key=BD4A0C70E9C5134AB82ECA76AB62062A&tpl=10&tpt=112
《中级职称》2025 中级七套题《经济法》（王雅萱）——————第六讲：第三套 主观题（简答题）_清晰,http://cd12-ccd1-3.play.bokecc.com/flvs/606E693D99DE632E/2025-08-23/4347E414FDF4AD15FC9558351D509E7C-10.m3u8?t=1756304680&key=5177E07243F111C5334E8BC8914AD2AC&tpl=10&tpt=112
《中级职称》2025直播高频考点精讲《经济法》（一阶段） （王雅萱）——————第六十一讲：第六章 金融法律制度~保险_高清,http://cd12-ccd1-3.play.bokecc.com/flvs/606E693D99DE632E/2025-07-26/089B5E26D83CD815F3342D97BB1D6DF8-20.m3u8?t=1756304680&key=368C77731C78C62BB28D3B2FED22F8B1&tpl=10&tpt=112
《中级职称》2025直播高频考点精讲《经济法》（一阶段） （王雅萱）——————第六十一讲：第六章 金融法律制度~保险_清晰,http://cd12-ccd1-3.play.bokecc.com/flvs/606E693D99DE632E/2025-07-26/089B5E26D83CD815F3342D97BB1D6DF8-10.m3u8?t=1756304680&key=5D66F52961BDF51192D395BBB53D9885&tpl=10&tpt=112
《中级职称》2025直播高频考点精讲《会计实务》（一阶段）（刘小英）——————第六十一讲：第十五章 非货币性资产交换_高清,http://cd12-ccd1-3.play.bokecc.com/flvs/606E693D99DE632E/2025-07-20/1D4B34A21A0822057E6C9CEE8B422289-20.m3u8?t=1756304680&key=0EA370813286D0EEDEF0CAAB47C189F9&tpl=10&tpt=112
《中级职称》2025直播高频考点精讲《会计实务》（一阶段）（刘小英）——————第六十一讲：第十五章 非货币性资产交换_清晰,http://cd12-ccd1-3.play.bokecc.com/flvs/606E693D99DE632E/2025-07-20/1D4B34A21A0822057E6C9CEE8B422289-10.m3u8?t=1756304680&key=A728D158A9025C4DFD488C346435EFC1&tpl=10&tpt=112
《中级职称》2025直播高频考点精讲《经济法》（一阶段） （王雅萱）——————第二十八讲：第四章 物权法律制度（一）_高清,http://cd15-ccd1-1.play.bokecc.com/flvs/606E693D99DE632E/2025-05-23/F57D9AD89CF9762F2BBA984E86119800-20.m3u8?t=1756304680&key=1B144060397E539818AD344B41623B9C&tpl=10&tpt=112
《中级职称》2025直播高频考点精讲《经济法》（一阶段） （王雅萱）——————第二十八讲：第四章 物权法律制度（一）_清晰,http://cd15-ccd1-1.play.bokecc.com/flvs/606E693D99DE632E/2025-05-23/F57D9AD89CF9762F2BBA984E86119800-10.m3u8?t=1756304680&key=EF66D0A0A196AD16D0495B83BFE4D434&tpl=10&tpt=112
《中级职称》2025直播高频考点精讲《会计实务》（一阶段）（刘小英）——————第七十二讲：第十八章 外币折算（一）_高清,http://cd12-ccd1-3.play.bokecc.com/flvs/606E693D99DE632E/2025-07-30/1DADB3921DE1CC357E6C9CEE8B422289-20.m3u8?t=1756304681&key=5DAF6CD6865E7F2FA68E396C0A3507A8&tpl=10&tpt=112
《中级职称》2025直播高频考点精讲《会计实务》（一阶段）（刘小英）——————第七十二讲：第十八章 外币折算（一）_清晰,http://cd12-ccd1-3.play.bokecc.com/flvs/606E693D99DE632E/2025-07-30/1DADB3921DE1CC357E6C9CEE8B422289-10.m3u8?t=1756304681&key=BA3E2C5E4F8DBA642450129033F1EBDC&tpl=10&tpt=112
《中级职称》2025直播高频考点精讲《会计实务》（一阶段）（刘小英）——————第四十二讲：第十三章 收入（六）_高清,http://cd12-ccd1-1.play.bokecc.com/flvs/606E693D99DE632E/2025-06-18/8F975817E2C8900713358DE27D943A99-20.m3u8?t=1756304681&key=CBFA3C3ABEA82A456DDF4B0391D04F31&tpl=10&tpt=112
《中级职称》2025直播高频考点精讲《会计实务》（一阶段）（刘小英）——————第四十二讲：第十三章 收入（六）_清晰,http://cd12-ccd1-1.play.bokecc.com/flvs/606E693D99DE632E/2025-06-18/8F975817E2C8900713358DE27D943A99-10.m3u8?t=1756304681&key=CC2EA8B7A42198242D796BFA3E9250DC&tpl=10&tpt=112
《中级职称》2025直播高频考点精讲《经济法》（一阶段） （王雅萱）——————第三十三讲：第四章 物权法律制度（六）_高清,http://cd12-ccd1-1.play.bokecc.com/flvs/606E693D99DE632E/2025-06-07/516660140F8EFAE40498CE5AAF1F53F5-20.m3u8?t=1756304681&key=2AC47CE55FB0E486E16C7B5D06602BD0&tpl=10&tpt=112
《中级职称》2025直播高频考点精讲《经济法》（一阶段） （王雅萱）——————第三十三讲：第四章 物权法律制度（六）_清晰,http://cd12-ccd1-1.play.bokecc.com/flvs/606E693D99DE632E/2025-06-07/516660140F8EFAE40498CE5AAF1F53F5-10.m3u8?t=1756304681&key=08A65C31D04ED28661D43F3AF877B0BD&tpl=10&tpt=112
《中级职称》2025直播高频考点精讲《会计实务》（一阶段）（刘小英）——————第十五讲：第五章 投资性房地产（五）_高清,http://cd12-ccd1-1.play.bokecc.com/flvs/606E693D99DE632E/2025-04-27/53920CB1A8AACE5813358DE27D943A99-20.m3u8?t=1756304681&key=98AB3ED824426266A29C97D8F4BB48CB&tpl=10&tpt=112
《中级职称》2025直播高频考点精讲《会计实务》（一阶段）（刘小英）——————第十五讲：第五章 投资性房地产（五）_清晰,http://cd12-ccd1-1.play.bokecc.com/flvs/606E693D99DE632E/2025-04-27/53920CB1A8AACE5813358DE27D943A99-10.m3u8?t=1756304681&key=9C2D92651FC70AE4C166F2DE04BC2C6B&tpl=10&tpt=112
《中级职称》2025直播高频考点精讲《会计实务》（一阶段）（刘小英）——————第八十讲：第二十章 企业合并与合并报表_高清,http://cd12-ccd1-3.play.bokecc.com/flvs/606E693D99DE632E/2025-08-08/F7911D2934963EBBB463AB73BD4C026B-20.m3u8?t=1756304681&key=859386EC31817787A24F96C176B90DCF&tpl=10&tpt=112
《中级职称》2025直播高频考点精讲《会计实务》（一阶段）（刘小英）——————第八十讲：第二十章 企业合并与合并报表_清晰,http://cd12-ccd1-3.play.bokecc.com/flvs/606E693D99DE632E/2025-08-08/F7911D2934963EBBB463AB73BD4C026B-10.m3u8?t=1756304681&key=972C0975FA3B674D496A166E259D48D6&tpl=10&tpt=112
《中级职称》2025直播高频考点精讲《经济法》（一阶段） （王雅萱）——————第四十五讲：第五章 合同法律制度（五）_高清,http://cd12-ccd1-1.play.bokecc.com/flvs/606E693D99DE632E/2025-06-28/A751AFA2EE7862C2B463AB73BD4C026B-20.m3u8?t=1756304681&key=EDB795B19563C53FB771621C12B7D00A&tpl=10&tpt=112
《中级职称》2025直播高频考点精讲《经济法》（一阶段） （王雅萱）——————第四十五讲：第五章 合同法律制度（五）_清晰,http://cd12-ccd1-1.play.bokecc.com/flvs/606E693D99DE632E/2025-06-28/A751AFA2EE7862C2B463AB73BD4C026B-10.m3u8?t=1756304681&key=D059651B7B0CADE33A9A9E813A9C30AD&tpl=10&tpt=112
《中级职称》2025直播高频考点精讲《会计实务》（一阶段）（刘小英）——————第七十三讲：第十八章 外币折算（二）第_高清,http://cd12-ccd1-1.play.bokecc.com/flvs/606E693D99DE632E/2025-07-30/1DADB3921DE1CC35B463AB73BD4C026B-20.m3u8?t=1756304681&key=5FC1A0E11E6DACD906BB27F0EFFE80FB&tpl=10&tpt=112
《中级职称》2025直播高频考点精讲《会计实务》（一阶段）（刘小英）——————第七十三讲：第十八章 外币折算（二）第_清晰,http://cd12-ccd1-1.play.bokecc.com/flvs/606E693D99DE632E/2025-07-30/1DADB3921DE1CC35B463AB73BD4C026B-10.m3u8?t=1756304681&key=4D966A7186F9623C9332507E075E9027&tpl=10&tpt=112
《中级职称》2025直播高频考点精讲《经济法》（一阶段） （王雅萱）——————第十一讲：第二章 第二节 有限责任公司_高清,http://cd15-ccd1-1.play.bokecc.com/flvs/606E693D99DE632E/2025-04-18/A255CF7644B489CA2BBA984E86119800-20.m3u8?t=1756304682&key=DC5BA55B17C2BA4EE90232E2F4023A34&tpl=10&tpt=112
《中级职称》2025直播高频考点精讲《经济法》（一阶段） （王雅萱）——————第十一讲：第二章 第二节 有限责任公司_清晰,http://cd15-ccd1-1.play.bokecc.com/flvs/606E693D99DE632E/2025-04-18/A255CF7644B489CA2BBA984E86119800-10.m3u8?t=1756304682&key=30814A17E2B6E3453F31C39FC08ADBD0&tpl=10&tpt=112
《中级职称》2025直播高频考点精讲《会计实务》（一阶段）（刘小英）——————第九十四讲：复习讲题 第六章 长期股权_高清,http://cd12-ccd1-3.play.bokecc.com/flvs/606E693D99DE632E/2025-08-24/50B6CB1554C437E9FC9558351D509E7C-20.m3u8?t=1756304682&key=1477F82AE4CD2551CEC23DC9924823ED&tpl=10&tpt=112
《中级职称》2025直播高频考点精讲《会计实务》（一阶段）（刘小英）——————第九十四讲：复习讲题 第六章 长期股权_清晰,http://cd12-ccd1-3.play.bokecc.com/flvs/606E693D99DE632E/2025-08-24/50B6CB1554C437E9FC9558351D509E7C-10.m3u8?t=1756304682&key=875BAB6C67F061FBB23DC00D04A3BDF3&tpl=10&tpt=112
《中级职称》2025直播高频考点精讲《经济法》（一阶段） （王雅萱）——————第四十二讲：第五章 合同法律制度（二）_高清,http://cd12-ccd1-1.play.bokecc.com/flvs/606E693D99DE632E/2025-06-21/947C6B8D7D8094497E6C9CEE8B422289-20.m3u8?t=1756304682&key=356B561270AE6E6A3FD622D68CADC851&tpl=10&tpt=112
《中级职称》2025直播高频考点精讲《经济法》（一阶段） （王雅萱）——————第四十二讲：第五章 合同法律制度（二）_清晰,http://cd12-ccd1-1.play.bokecc.com/flvs/606E693D99DE632E/2025-06-21/947C6B8D7D8094497E6C9CEE8B422289-10.m3u8?t=1756304682&key=3B30224EEEC65EC0C160BD724E52339E&tpl=10&tpt=112
《中级职称》2025直播高频考点精讲《经济法》（一阶段） （王雅萱）——————第五十六讲：第六章 金融法律制度~票据_高清,http://cd12-ccd1-3.play.bokecc.com/flvs/606E693D99DE632E/2025-07-18/C4933B8B6EED497763835A29B2A11961-20.m3u8?t=1756304682&key=9731AF6E869A50B8DE868792ABE643A5&tpl=10&tpt=112
《中级职称》2025直播高频考点精讲《经济法》（一阶段） （王雅萱）——————第五十六讲：第六章 金融法律制度~票据_清晰,http://cd12-ccd1-3.play.bokecc.com/flvs/606E693D99DE632E/2025-07-18/C4933B8B6EED497763835A29B2A11961-10.m3u8?t=1756304682&key=E95282F86252453276DA01ED9DEE7590&tpl=10&tpt=112
《中级职称》2025直播高频考点精讲《经济法》（一阶段） （王雅萱）——————第六十三讲：第七章 财政法律制度（一）_高清,http://cd15-ccd1-3.play.bokecc.com/flvs/606E693D99DE632E/2025-08-01/693D3FBB96E33C1CB463AB73BD4C026B-20.m3u8?t=1756304682&key=CD14DB9285B0B66F46C345486790890A&tpl=10&tpt=112
《中级职称》2025直播高频考点精讲《经济法》（一阶段） （王雅萱）——————第六十三讲：第七章 财政法律制度（一）_清晰,http://cd15-ccd1-3.play.bokecc.com/flvs/606E693D99DE632E/2025-08-01/693D3FBB96E33C1CB463AB73BD4C026B-10.m3u8?t=1756304682&key=3E2E2AF7EA0A3F5F08B13ADDC60FEC32&tpl=10&tpt=112
《中级职称》2025直播高频考点精讲《会计实务》（一阶段）（刘小英）——————第十九讲：第七章 资产减值（三）_高清,http://cd12-ccd1-1.play.bokecc.com/flvs/606E693D99DE632E/2025-05-11/7F889EB6E95B8B1F13358DE27D943A99-20.m3u8?t=1756304682&key=42EB229DF87581116AFD8B8A14C25F14&tpl=10&tpt=112
《中级职称》2025直播高频考点精讲《会计实务》（一阶段）（刘小英）——————第十九讲：第七章 资产减值（三）_清晰,http://cd12-ccd1-1.play.bokecc.com/flvs/606E693D99DE632E/2025-05-11/7F889EB6E95B8B1F13358DE27D943A99-10.m3u8?t=1756304682&key=B6CF0956C1476495A690D1FF30FC560E&tpl=10&tpt=112
《中级职称》2025直播高频考点精讲《经济法》（一阶段） （王雅萱）——————第五十三讲：第六章 金融法律制度~票据_高清,http://cd12-ccd1-1.play.bokecc.com/flvs/606E693D99DE632E/2025-07-12/B33703C1DA8D7985753C612EB38A8D5A-20.m3u8?t=1756304682&key=E7260574C8447666A54D22D32B960424&tpl=10&tpt=112
《中级职称》2025直播高频考点精讲《经济法》（一阶段） （王雅萱）——————第五十三讲：第六章 金融法律制度~票据_清晰,http://cd12-ccd1-1.play.bokecc.com/flvs/606E693D99DE632E/2025-07-12/B33703C1DA8D7985753C612EB38A8D5A-10.m3u8?t=1756304682&key=3E8AB6EFCFD32A8A7429D95B9C0C0653&tpl=10&tpt=112
《中级职称》2025直播高频考点精讲《会计实务》（一阶段）（刘小英）——————第二十一讲：第八章 金融资产和金融负债_清晰,http://cd12-ccd1-1.play.bokecc.com/flvs/606E693D99DE632E/2025-05-14/523D69F8C00E8B720498CE5AAF1F53F5-10.m3u8?t=1756304683&key=E72CC65E914AA49518534081B9EBE497&tpl=10&tpt=112
《中级职称》2025直播高频考点精讲《经济法》（一阶段） （王雅萱）——————第二十三讲：第三章 合伙企业法（二）_清晰,http://cd12-ccd1-1.play.bokecc.com/flvs/606E693D99DE632E/2025-05-16/6221846541453B30FC9558351D509E7C-10.m3u8?t=1756304683&key=8F1F3586963321D9EB6BB70F3F568C39&tpl=10&tpt=112
《中级职称》2025直播高频考点精讲《经济法》（一阶段） （王雅萱）——————第二十四讲：第三章 合伙企业法（三）_清晰,http://cd12-ccd1-1.play.bokecc.com/flvs/606E693D99DE632E/2025-05-16/E2AB40E0D470FBF42BBA984E86119800-10.m3u8?t=1756304683&key=949E417A22E088DE417300867DBBC270&tpl=10&tpt=112
《中级职称》2025直播高频考点精讲《会计实务》（一阶段）（刘小英）——————第八十六讲：第二十三章 资产负债表日后_清晰,http://cd12-ccd1-3.play.bokecc.com/flvs/606E693D99DE632E/2025-08-13/BC155A2755CDED69FC9558351D509E7C-10.m3u8?t=1756304683&key=CEBC27D2163506FF8715BD17FE38B8A8&tpl=10&tpt=112
《中级职称》2025直播高频考点精讲《经济法》（一阶段） （王雅萱）——————第四十七讲：第五章 合同法律制度（七）_高清,http://cd12-ccd1-1.play.bokecc.com/flvs/606E693D99DE632E/2025-07-04/092E1827BB7BFC247E6C9CEE8B422289-20.m3u8?t=1756304683&key=467063B2AA1F832DCCB8064BA6C950B8&tpl=10&tpt=112
《中级职称》2025直播高频考点精讲《经济法》（一阶段） （王雅萱）——————第四十七讲：第五章 合同法律制度（七）_清晰,http://cd12-ccd1-1.play.bokecc.com/flvs/606E693D99DE632E/2025-07-04/092E1827BB7BFC247E6C9CEE8B422289-10.m3u8?t=1756304683&key=C1FA6C03047D76D6E56B6EFCDDCF707A&tpl=10&tpt=112
《中级职称》2025 中级总复习《经济法》 （王雅萱）——————第八讲：总复习 第六章 考点一至十_高清,http://cd12-ccd1-3.play.bokecc.com/flvs/606E693D99DE632E/2025-08-25/BD5499BC21D1D5CF7E6C9CEE8B422289-20.m3u8?t=1756304683&key=BAC09C1B56F190A6181E39FD36936012&tpl=10&tpt=112
《中级职称》2025 中级总复习《经济法》 （王雅萱）——————第八讲：总复习 第六章 考点一至十_清晰,http://cd12-ccd1-3.play.bokecc.com/flvs/606E693D99DE632E/2025-08-25/BD5499BC21D1D5CF7E6C9CEE8B422289-10.m3u8?t=1756304683&key=B143B4EDAD46422AF6FFC4C8FC8D13F0&tpl=10&tpt=112
《中级职称》2025直播高频考点精讲《会计实务》（一阶段）（刘小英）——————第八十四讲：第二十二章 会计政策、估计_高清,http://cd12-ccd1-3.play.bokecc.com/flvs/606E693D99DE632E/2025-08-10/029EE2B31FE9C1C063835A29B2A11961-20.m3u8?t=1756304684&key=C9BFA5CC43A65AF17EA0FD2CC301E272&tpl=10&tpt=112
《中级职称》2025直播高频考点精讲《会计实务》（一阶段）（刘小英）——————第八十四讲：第二十二章 会计政策、估计_清晰,http://cd12-ccd1-3.play.bokecc.com/flvs/606E693D99DE632E/2025-08-10/029EE2B31FE9C1C063835A29B2A11961-10.m3u8?t=1756304684&key=DD9D0F0526DEB0FE9CD1D27075FD71BC&tpl=10&tpt=112
《中级职称》2025直播高频考点精讲《会计实务》（一阶段）（刘小英）——————第六十四讲：第十六章  债务重组（三）_高清,http://cd15-ccd1-1.play.bokecc.com/flvs/606E693D99DE632E/2025-07-25/78AB5F935C69D16063835A29B2A11961-20.m3u8?t=1756304684&key=9546E47D9A4B9B0FB61284855EC64331&tpl=10&tpt=112
《中级职称》2025直播高频考点精讲《会计实务》（一阶段）（刘小英）——————第六十四讲：第十六章  债务重组（三）_清晰,http://cd15-ccd1-1.play.bokecc.com/flvs/606E693D99DE632E/2025-07-25/78AB5F935C69D16063835A29B2A11961-10.m3u8?t=1756304684&key=6F68AFE4F5998370E41BF1EA6C6BB2CA&tpl=10&tpt=112
《中级职称》2025直播高频考点精讲《经济法》（一阶段） （王雅萱）——————第四十讲：第四章 物权法律制度（十三）_高清,http://cd12-ccd1-1.play.bokecc.com/flvs/606E693D99DE632E/2025-06-20/784972B15FEC8D3E753C612EB38A8D5A-20.m3u8?t=1756304684&key=1D0B1EA893530501AD56C866C5D0A4F7&tpl=10&tpt=112
《中级职称》2025直播高频考点精讲《经济法》（一阶段） （王雅萱）——————第四十讲：第四章 物权法律制度（十三）_清晰,http://cd12-ccd1-1.play.bokecc.com/flvs/606E693D99DE632E/2025-06-20/784972B15FEC8D3E753C612EB38A8D5A-10.m3u8?t=1756304684&key=16C145618D02D0ED8EAB655D2DADF5FA&tpl=10&tpt=112
《中级职称》2025 中级总复习《经济法》 （王雅萱）——————第七讲：总复习 第五章 考点一至十二_高清,http://cd15-ccd1-1.play.bokecc.com/flvs/606E693D99DE632E/2025-08-24/1921BE9E34E5F6EB753C612EB38A8D5A-20.m3u8?t=1756304684&key=A25488100C4EC371AC03C36E910FC1FD&tpl=10&tpt=112
《中级职称》2025 中级总复习《经济法》 （王雅萱）——————第七讲：总复习 第五章 考点一至十二_清晰,http://cd15-ccd1-1.play.bokecc.com/flvs/606E693D99DE632E/2025-08-24/1921BE9E34E5F6EB753C612EB38A8D5A-10.m3u8?t=1756304684&key=990DC6DDCAD4518CFC332A9D0A9D894E&tpl=10&tpt=112
《中级职称》2025直播高频考点精讲《会计实务》（一阶段）（刘小英）——————第五十八讲：第六章 长期股权投资（十一_高清,http://cd12-ccd1-3.play.bokecc.com/flvs/606E693D99DE632E/2025-07-16/BC9895E87F83E3F17E6C9CEE8B422289-20.m3u8?t=1756304685&key=256DDC4D28958C26117245ED7B3D6A81&tpl=10&tpt=112
《中级职称》2025直播高频考点精讲《会计实务》（一阶段）（刘小英）——————第五十八讲：第六章 长期股权投资（十一_清晰,http://cd12-ccd1-3.play.bokecc.com/flvs/606E693D99DE632E/2025-07-16/BC9895E87F83E3F17E6C9CEE8B422289-10.m3u8?t=1756304685&key=B3B909E1BD671C0750A6F48FCE27D8D4&tpl=10&tpt=112
《中级职称》2025直播高频考点精讲《会计实务》（一阶段）（刘小英）——————第九十一讲：复习讲题 第五章 投资性房_高清,http://cd12-ccd1-3.play.bokecc.com/flvs/606E693D99DE632E/2025-08-17/BB443632DCB464527E6C9CEE8B422289-20.m3u8?t=1756304685&key=805592C41E22E84B4E03F2D92D6F05C1&tpl=10&tpt=112
《中级职称》2025直播高频考点精讲《会计实务》（一阶段）（刘小英）——————第九十一讲：复习讲题 第五章 投资性房_清晰,http://cd12-ccd1-3.play.bokecc.com/flvs/606E693D99DE632E/2025-08-17/BB443632DCB464527E6C9CEE8B422289-10.m3u8?t=1756304685&key=E1A3FC34ED87C2691293D9836A614D9A&tpl=10&tpt=112
《中级职称》2025直播高频考点精讲《会计实务》（一阶段）（刘小英）——————第十讲：第四章 无形资产（二）_高清,http://cd15-ccd1-1.play.bokecc.com/flvs/606E693D99DE632E/2025-04-16/A26B3849DEA7C0C00498CE5AAF1F53F5-20.m3u8?t=1756304685&key=AC5A34A544623E35451A577205E7EE30&tpl=10&tpt=112
《中级职称》2025直播高频考点精讲《会计实务》（一阶段）（刘小英）——————第十讲：第四章 无形资产（二）_清晰,http://cd15-ccd1-1.play.bokecc.com/flvs/606E693D99DE632E/2025-04-16/A26B3849DEA7C0C00498CE5AAF1F53F5-10.m3u8?t=1756304685&key=899687A2720428B73C0CE88062427C0F&tpl=10&tpt=112
《中级职称》2025直播高频考点精讲《会计实务》（一阶段）（刘小英）——————第五十五讲：第六章 长期股权投资（八）_高清,http://cd12-ccd1-1.play.bokecc.com/flvs/606E693D99DE632E/2025-07-13/A5C79DCF954BD7A3FC9558351D509E7C-20.m3u8?t=1756304685&key=0681A519DA150FA12F1C6F03F23979FC&tpl=10&tpt=112
《中级职称》2025直播高频考点精讲《会计实务》（一阶段）（刘小英）——————第五十五讲：第六章 长期股权投资（八）_清晰,http://cd12-ccd1-1.play.bokecc.com/flvs/606E693D99DE632E/2025-07-13/A5C79DCF954BD7A3FC9558351D509E7C-10.m3u8?t=1756304685&key=97F5B4F6132B283A7D6F1922EFFB7323&tpl=10&tpt=112
《中级职称》2025直播高频考点精讲《经济法》（一阶段） （王雅萱）——————第六十四讲：第七章 财政法律制度（二）_高清,http://cd12-ccd1-3.play.bokecc.com/flvs/606E693D99DE632E/2025-08-01/F119BA53E1127CF52BBA984E86119800-20.m3u8?t=1756304685&key=75E76CDDB625C6131FD0B6D57460E1D5&tpl=10&tpt=112
《中级职称》2025直播高频考点精讲《经济法》（一阶段） （王雅萱）——————第六十四讲：第七章 财政法律制度（二）_清晰,http://cd12-ccd1-3.play.bokecc.com/flvs/606E693D99DE632E/2025-08-01/F119BA53E1127CF52BBA984E86119800-10.m3u8?t=1756304685&key=D7956426A27DB0137243283E419DEA42&tpl=10&tpt=112
《中级职称》2025直播高频考点精讲《会计实务》（一阶段）（刘小英）——————第五十二讲：第六章 长期股权投资（五）_高清,http://cd15-ccd1-1.play.bokecc.com/flvs/606E693D99DE632E/2025-06-29/75CD5ED1D630BA010498CE5AAF1F53F5-20.m3u8?t=1756304685&key=6118E4C825BA51F19312FC2F0C4B1D12&tpl=10&tpt=112
《中级职称》2025直播高频考点精讲《会计实务》（一阶段）（刘小英）——————第五十二讲：第六章 长期股权投资（五）_清晰,http://cd15-ccd1-1.play.bokecc.com/flvs/606E693D99DE632E/2025-06-29/75CD5ED1D630BA010498CE5AAF1F53F5-10.m3u8?t=1756304685&key=B54B331A241746B49640874B748DB710&tpl=10&tpt=112
《中级职称》2025直播高频考点精讲《经济法》（一阶段） （王雅萱）——————第六十六讲：第七章 财政法律制度（四）_高清,http://cd12-ccd1-3.play.bokecc.com/flvs/606E693D99DE632E/2025-08-02/756C1532850470DA7E6C9CEE8B422289-20.m3u8?t=1756304685&key=7C0631AFB78EAA915FA90B0F1A9F805C&tpl=10&tpt=112
《中级职称》2025直播高频考点精讲《经济法》（一阶段） （王雅萱）——————第六十六讲：第七章 财政法律制度（四）_清晰,http://cd12-ccd1-3.play.bokecc.com/flvs/606E693D99DE632E/2025-08-02/756C1532850470DA7E6C9CEE8B422289-10.m3u8?t=1756304685&key=5F3AF9D76DA78F923C21D971157413E3&tpl=10&tpt=112
《中级职称》2025直播高频考点精讲《会计实务》（一阶段）（刘小英）——————第五十一讲：第六章 长期股权投资（四）_高清,http://cd12-ccd1-1.play.bokecc.com/flvs/606E693D99DE632E/2025-06-29/75CD5ED1D630BA013F35109F9F77F2A8-20.m3u8?t=1756304686&key=96E3CB8D696AA330DA11CA4871CD1326&tpl=10&tpt=112
《中级职称》2025直播高频考点精讲《会计实务》（一阶段）（刘小英）——————第五十一讲：第六章 长期股权投资（四）_清晰,http://cd12-ccd1-1.play.bokecc.com/flvs/606E693D99DE632E/2025-06-29/75CD5ED1D630BA013F35109F9F77F2A8-10.m3u8?t=1756304686&key=A3645D9D827D46B103EEE108EBF47D98&tpl=10&tpt=112
